company_name,round_type,amount,date,investors
Graftcode,Seed,$2.1M,"Apr 14, 2026",SMOK Ventures
Helical,Seed,$10.0M,"Apr 14, 2026","AIX Ventures, Sequoia Scout Fund"
Modern Relay,Seed,$3.0M,"Apr 14, 2026","Moonfire Ventures, Bonsai Partners"
Obriy AI,Pre Seed,$500K,"Apr 14, 2026",angel investors
Stirlight,Seed,$1.6M,"Apr 15, 2026",
Stirlight,Seed,$1.6M,"Apr 14, 2026",Northern Gritstone
TraqCheck,Series A,$8.0M,"Apr 14, 2026",IvyCap Ventures
Ralio,Pre Seed,$2.1M,"Apr 13, 2026","Portfolio Ventures, Tiny VC"
Replenit,Pre Seed,$2.5M,"Apr 13, 2026","Concept Ventures, Notion Capital"
Round Treasury,Seed,$6.0M,"Apr 13, 2026","Redstone, Episode 1, Village Global"
Round Treasury,Seed,$4.5M,"Apr 13, 2026","Cherry Ventures, Earlybird"
Haast,Series A,$17.0M,"Apr 10, 2026","Peak XV Partners, Airtree, Aura Ventures, Black Sheep Capital, DST Global Partners"
Kilter,Growth,$7.0M,"Apr 10, 2026","Kubota Corporation, Nufarm, Pymwymic, SBG Invest"
Edmund,Seed,$2.5M,"Apr 9, 2026","FORWARD.one, Nation 1, StartupYard, Tensor Ventures"
Juno,Seed,$12.0M,"Apr 9, 2026","S4S Ventures, DG Daiwa Ventures, Sorenson Capital, The General Partnership"
Nava,Series A,$22.0M,"Apr 9, 2026","Greenoaks, RTP Global, Unicorn India Ventures"
PeakMetrics,Series A,$6.0M,"Apr 9, 2026","Moneta Ventures, Gurtin Ventures, Parameter Ventures, Techstars, VITALIZE Venture Capital"
Plume,Seed,$3.3M,"Apr 9, 2026","AENU, Better Angle, Collab Fund, Kima Ventures, Y Combinator"
Serve First,Growth,$5.7M,"Apr 9, 2026","Pembroke VCT, Haatch"
SiFive,Series G,$400.0M,"Apr 9, 2026","Atreides Management, Apollo Global Management, NVIDIA, Point72, T. Rowe Price"
TeiaCare,Growth,$7.0M,"Apr 9, 2026","P101 SGR, CDP Venture Capital, Unicredit"
Treon,Series A,$6.8M,"Apr 9, 2026","ACME Capital, Business Finland, Butterfly Ventures"
injewelme,Seed,$1.2M,"Apr 9, 2026",Temasek Trust's C3H
Angoor AI,Pre Seed,$240K,"Apr 8, 2026",Venturizer
Atlas,Seed,$6.0M,"Apr 8, 2026","Accel, Stellaris Venture Partners"
Handhold,Seed,$3.2M,"Apr 8, 2026","Entourage Capital, Inovia Capital, e2vc"
Narwhal Labs,Growth,$26.0M,"Apr 8, 2026",Jonathan Swann and other UK investors
OnSite,Seed,$1.3M,"Apr 8, 2026","Tin Men Capital, Alter Global, Gondor Capital, Hustle Fund"
Patlytics,Series B,$40.0M,"Apr 8, 2026","SignalFire, Alumni Ventures, Antiportfolio Ventures, BAM Corner Point, Myriad Venture Partners, N47, Relativity"
Trent AI,Seed,$13.0M,"Apr 8, 2026","LocalGlobe, Cambridge Innovation Capital"
Tsecond.ai,Growth,$21.5M,"Apr 8, 2026",MSN Holdings
Aria Networks,Series A,$125.0M,"Apr 7, 2026","Sutter Hill Ventures, Atreides Management, Eclipse, Valor Equity Partners"
H2LooP,Seed,$2.0M,"Apr 7, 2026","Speciale Invest, 3one4 Capital"
Helium Air,Seed,$2.0M,"Apr 7, 2026",India Quotient
Xccelera,Pre Seed,$140K,"Apr 7, 2026","Ramakant Sharma, Amiya Pathak, Asad Khan"
nFuse,Seed,$2.0M,"Apr 7, 2026","Eleven Ventures, LAUNCHub Ventures"
neuroClues,Series A,$10.0M,"Apr 7, 2026","WE Life Sciences, Kurma Partners, Noshaq"
Octostar,Seed,$6.1M,"Apr 6, 2026",The Techshop
SatLeo Labs,Seed,$2.2M,"Apr 6, 2026","Unicorn India Ventures, InnoVen Capital, PennyGrow"
Satark AI,Pre Seed,Undisclosed,"Apr 6, 2026",
Xoople,Series B,$130.0M,"Apr 6, 2026","Nazca Capital, Buenavista Equity Partners, CDTI, Endeavor Catalyst, MCH Private Equity"
Insight Health,Series A,$11.0M,"Apr 3, 2026","Standard Capital, 43, ElevenLabs, Eudemian, Kindred Ventures, Pear VC"
Noon,Venture,$44.0M,"Apr 3, 2026","Chemistry, First Round Capital, Scribble Ventures, Afore Capital, Elevation Capital, Homebrew, SV Angel"
PENEMUE,Seed,$1.8M,"Apr 3, 2026",
Anvil Robotics,Seed,$5.5M,"Apr 2, 2026","Matter Venture Partners, DNX Ventures, Humba Ventures, Position Ventures, Spacecadet Ventures"
Backbone,Seed,Undisclosed,"Apr 2, 2026",100IN
Financial News Systems,Pre Seed,$1.6M,"Apr 2, 2026",Ugly Duckling Ventures
Gabify,Pre Seed,$175K,"Apr 2, 2026","Inflection Point Ventures, GHRTBI"
Generare,Series A,$21.6M,"Apr 2, 2026","Alven, Daphni, Galion.exe, Teampact Ventures, VIVES Partners"
Miravoice,Seed,$6.3M,"Apr 2, 2026","Unusual Ventures, 25madison, Neo"
Omniscient,Pre Seed,$4.1M,"Apr 2, 2026","Seedcamp, Anamcara, Bpifrance, Drysdale, MS&AD Ventures, Plug and Play, Raise, xdeck"
Pickmybrain,Pre Seed,$2.3M,"Apr 1, 2026",Garri Zmudze
WhiteBridge AI,Seed,$2.8M,"Apr 1, 2026","FIRSTPICK VC, BADideas.fund, First Degree, NGL.VC, Nectolabs, Plug and Play, Scalewolf.VC"
9fin,Series C,$159.8M,"Mar 31, 2026","HarbourVest, CPP Investments, Highland Europe, Redalpine, Seedcamp, Spark Capital"
Gnani.ai,Series B,$10.0M,"Mar 31, 2026","Aavishkaar Capital, InfoEdge Ventures"
Riplo,Seed,$2.8M,"Mar 31, 2026","Cherry Ventures, Blue Lion Capital, Founders of QuantumBlack"
ThinkLabs AI,Series A,$28.0M,"Mar 31, 2026","Energy Impact Partners, Active Impact Investments, Amplify Capital, Blackhorn Ventures, Edison International, GE Vernova, NVentures, Powerhouse Ventures"
Financial News System,Seed,$1.6M,"Mar 30, 2026",Ugly Duckling Ventures
Mistral AI,Growth,$830.0M,"Mar 30, 2026","BNP Paribas, Bpifrance, Crédit Agricole CIB, HSBC, La Banque Postale, MUFG, Natixis CIB"
Starcloud,Series A,$170.0M,"Mar 30, 2026","Benchmark, 776 Ventures, Adjacent, EQT Ventures, Fuse Ventures, Macquarie Capital, Manhattan West, Monolith Power Systems, NFX, Nebular, Y Combinator"
Shield AI,Series G,$1.5B,"Mar 26, 2026","Advent International, Blackstone, JPMorgan Chase Strategic Investment Group"
Adonis,Series C,$40.0M,"Mar 25, 2026","Quadrille Capital, Bling Capital, General Catalyst"
Harvey AI,Series C,$200.0M,"Mar 25, 2026","GIC, Andreessen Horowitz, Coatue Management, Conviction Partners, Elad Gil, Kleiner Perkins, Sequoia Capital"
Notch,Series A,$30.0M,"Mar 25, 2026","Headline, Illuminate Financial, Jibe Ventures, Lightspeed Venture Partners, Phoenix Insurance"
Thesis Care,Series A,$45.0M,"Mar 25, 2026","Oak HC/FT, Black Opal Ventures, CRV"
Tripo AI,Strategic,$50.0M,"Mar 25, 2026","Alibaba, Baidu Ventures"
DOSS,Series B,$55.0M,"Mar 24, 2026","Madrona, Contrary Capital, General Catalyst, Greyhound Capital, Intuit Ventures, Premji Invest, Theory Ventures"
Moda,Seed,$7.5M,"Mar 24, 2026","General Catalyst, Pear VC, WndrCo"
Shepherd,Series B,$42.0M,"Mar 24, 2026","Intact Private Capital, Costanoa Ventures, Spark Capital"
Gimlet Labs,Series A,$80.0M,"Mar 23, 2026","Menlo Ventures, Eclipse, Factory, Prosperity7, Triatomic"
Juicebox,Series B,$80.0M,"Mar 23, 2026","DST Global, Coatue Management, NFDG, Sequoia Capital, Y Combinator"
Littlebird,Seed,$11.0M,"Mar 23, 2026",Lotus Studio
Parallel,Series A,$20.0M,"Mar 19, 2026","Index Ventures, Frst, Hexa, Y Combinator"
Manifold,Seed,$8.0M,"Mar 18, 2026","Costanoa Ventures, Cherry Ventures, Modern Technical Fund, Rain Capital"
Obin AI,Seed,$7.0M,"Mar 18, 2026",Motive Partners
RunSybil,Series A,$40.0M,"Mar 18, 2026","Khosla Ventures, Anthology Fund, Conviction, Elad Gil, Menlo Ventures, S32"
Surf AI,Series A,$57.0M,"Mar 17, 2026","Accel, Boldstart Ventures, Cyberstarts"
Wonderful,Series B,$150.0M,"Mar 12, 2026","Insight Partners, Bessemer Venture Partners, IVP, Index Ventures, Vine Ventures"
Mind Robotics,Series A,$500.0M,"Mar 11, 2026","Accel, Andreessen Horowitz"
Legora,Series D,$550.0M,"Mar 10, 2026","Accel, Bain Capital, Benchmark, Bessemer Venture Partners, General Catalyst, ICONIQ Capital, Menlo Ventures, Redpoint Ventures, Salesforce Ventures, Sands Capital, Y Combinator"
Agaton,Seed,$10.0M,"Mar 5, 2026","Inception Fund, Alstin Capital, Foundry Ventures, Seed+speed Ventures"
Wayve,Growth,$57.2M,"Apr 15, 2026",
Wayve,Series D,$1.2B,"Feb 25, 2026","Eclipse, Baillie Gifford, Balderton Capital, Mercedes-Benz, Microsoft, NVIDIA, Nissan, Ontario Teachers' Pension Plan, SoftBank Vision Fund 2, Stellantis, Uber"
MatX,Series B,$500.0M,"Feb 24, 2026","Jane Street, Marvell Technology, Situational Awareness Fund, Spark Capital"
Taalas,Series B,$169.0M,"Feb 19, 2026","Quiet Capital, Fidelity Management & Research"
ZaiNar,Seed,$100.0M,"Feb 19, 2026","AME Cloud Ventures, Steve Jurvetson, Tom Gruber"
World Labs,Growth,$1.0B,"Feb 18, 2026","Autodesk, AMD, Emerson Collective, Fidelity Management & Research, NVIDIA, Sea Limited"
Simile,Series A,$100.0M,"Feb 12, 2026","Index Ventures, A* Capital, Bain Capital Ventures, Hanabi Capital"
Occam,Pre Seed,$3.2M,"Feb 11, 2026","Antler, Freedom Fund, Presto Tech Horizons (lead), TYR.vc, angel investors"
Sable Bio,Seed,$3.5M,"Feb 11, 2026","Episode 1 Ventures, MMC Ventures (lead), Seedcamp"
Sable Bio,Pre Seed,$1.8M,"Feb 6, 2024","Episode 1 Ventures (lead), Seedcamp, other angel/backers"
ThirdAI,Seed,$3.0M,"Feb 11, 2026","Capria Ventures, Endiya Partners"
Daytona,Series A,$24.0M,"Feb 6, 2026",FirstMark Capital (lead); Pace Capital; Upfront Ventures; E2VC; Darkmode; Datadog; Figma Ventures
Daytona,Seed,$3.5M,"Nov 6, 2023","500 Global, Tiny, Upfront Ventures"
Duna,Series A,$32.0M,"Feb 5, 2026","CapitalG (lead), Frank Slootman (Snowflake Chairman), Index Ventures, Puzzle Ventures, Stripe & Adyen executive angels"
Duna,Seed,$11.9M,"May 6, 2025","Frank Slootman (chairman Snowflake), Index Ventures (lead), Puzzle Ventures, and other executive angels from Stripe/Adyen/others"
ElevenLabs,Series D,$500.0M,"Feb 5, 2026",Sequoia
ElevenLabs,Series D,$500.0M,"Feb 4, 2026","ICONIQ; anchored by existing syndicate, Sequoia, a16z"
ElevenLabs,Share Sale,$100.0M,"Sep 11, 2025","ICONIQ, Sequoia (stake buyout & employee liquidity)"
ElevenLabs,Series C,$180.0M,"Jan 30, 2025","Andreessen Horowitz (a16z), Endeavor Catalyst Fund, ICONIQ Growth, Lunate, NEA, Salesforce Ventures, Sequoia Capital, Valor, World Innovation Lab (WiL)"
ElevenLabs,Series B,$80.0M,"Jan 22, 2024","Andreessen Horowitz, Daniel Gross, Nat Friedman, Sequoia Capital"
ElevenLabs,Series A,$19.0M,"Jun 15, 2023","Andreessen Horowitz (a16z), Daniel Gross, Nat Friedman"
ElevenLabs,Pre Seed,$2.0M,"Jan 12, 2023","Concept Ventures, Credo Ventures, Peter Czaban"
Fintower,Seed,$1.5M,"Feb 5, 2026","Akka, Alexander Hars, Chalmers Ventures, Daniel Jonsson (Inet), existing investors including Almi, the Stena family (via William Olsson)"
Fundamental,Series A,$255.0M,"Feb 5, 2026","Battery Ventures, Henrique Dubugras, Hetz Ventures + prominent angel investors (Aravind Srinivas, Oak HC/FT (lead), Olivier Pomel), Salesforce Ventures, Valor Equity Partners"
Lawhive,Series B,$60.0M,"Feb 5, 2026","Anton Levy, Balderton Capital, GV, Jigsaw, LTS, Mitch Rales (lead) (co-founder of Danaher), with participation from TQ Ventures"
Lawhive,Series A,$60.0M,"Dec 5, 2024","Balderton Capital, Episode 1, GV (formerly Google Ventures), Jigsaw, Reece James, TQ Ventures, William Maguire, others"
Lawhive,Seed,$11.9M,"Apr 23, 2024",
Octobotics,Seed,$1.2M,"Feb 5, 2026","BYT Capital, Navam Capital"
Plato,Seed,$14.5M,"Feb 5, 2026","Atomico, Cherry Ventures"
Plato,Pre Seed,$6.5M,"Nov 24, 2024",Cherry Ventures (lead)
Qontext,Pre Seed,$2.7M,"Feb 5, 2026","Bastian Nominacher (Celonis), Emil Eifrem (Neo4j), Fabian Veit (make.com), HV Capital (lead), Philipp Heltewig (Cognigy), Zero Prime Ventures, angel investors including Jan Oberhauser (n8n)"
R3 Robotics,Series A,$23.6M,"Feb 5, 2026","BONVENTURE, EIC Fund, EIT Urban Mobility + €6M in European public grants, FlixFounders, HG Ventures (lead), Oetker Collection KG, Suma Capital"
R3 Robotics,Pre Seed,Undisclosed,"Feb 4, 2021",
Valeria,Pre Seed,$2.0M,"Feb 5, 2026","10k Ventures, Fortino Capital, Venture Friends (lead)"
talentguide,Seed Extension,$1.3M,"Feb 5, 2026","Miles Ahead Capital, NXT II, Travvant (Partena Professional), and angel participants, founders, imec.istart"
talentguide,Seed,Undisclosed,"Aug 31, 2023","Miles Ahead Capital, imec.istart"
Fibr AI,Seed,$5.7M,"Feb 4, 2026","Accel, MVP Ventures, WillowTree Ventures, angels"
Fibr AI,Pre Seed,$1.8M,"Jul 18, 2024","2AM VC, Accel (lead), Kunal Shah (angel), Sunil Kumar (angel)"
Linda AI,Pre Seed,$2.8M,"Feb 4, 2026",6 Degrees Capital
Optivian,Pre Seed,$2.0M,"Feb 4, 2026","Failup Ventures, Tero Ojanperä"
Taxnova,Pre Seed,$1.0M,"Feb 4, 2026","20+ operator angels from tech (Revolut, Karaoke Club, Miro, a16z Speedrun (via Andreessen Horowitz), etc.), s16vc"
Loop AI,Series A,$14.0M,"Feb 3, 2026","9Yards Capital, Afore Capital, Alumni Ventures, Converge, Data Tech Fund, Gokul Rajaram, John Pepper, Nyca Partners (lead), Operators Studio, plus Base10"
Loop AI,Seed,$6.0M,"Mar 12, 2024",
Polaron,Seed,$8.0M,"Feb 3, 2026","Futurepresent, Racine2 (impact fund led by Serena and Makesense), Speedinvest, plus angel investors from the industrial AI ecosystem"
Berget AI,Seed,$2.3M,"Feb 2, 2026","Luminar Ventures (lead), Norrsken Evolve, Wellstreet"
Dragonfly AI,Series B,$6.0M,"Jan 28, 2026","24Haymarket, Foresight, Guinness Ventures"
Dragonfly AI,Series A,$4.0M,"Apr 12, 2022","Capita PLC, Downing Ventures, Guinness Ventures"
Nomagic,Series,$10.0M,"Jan 28, 2026",
Nomagic,Series B,$44.0M,"Feb 26, 2025","Almaz Capital, European Bank for Reconstruction and Development (EBRD), European Investment Bank, Khosla Ventures"
Nomagic,Series A,$22.0M,"May 26, 2022","Almaz Capital, European Investment Bank, Khosla Ventures"
Nomagic,Seed,$8.0M,"Feb 4, 2020","Capnamic Ventures, DN Capital, Khosla Ventures and Hoxton Ventures, Manta Ray"
Pallma AI,Pre Seed,$1.0M,"Jan 28, 2026","Marathon Venture Capital, Technology leaders & angel contributors from AWS Meta Google Hack The Box Workable"
Synthesia,Series E,$200.0M,"Jan 26, 2026","Accel, Google Ventures, Kleiner Perkins, NVentures"
Synthesia,Strategic,Undisclosed,"Apr 28, 2025",Adobe Ventures
Synthesia,Series D,$180.0M,"Jan 22, 2025","Atlassian Ventures, New Enterprise Associates, PSP Growth, World Innovation Lab"
Synthesia,Series C,$90.0M,"Jun 4, 2023","Accel, NVentures"
Synthesia,Series B,$50.0M,"Dec 8, 2021","GV, Kleiner Perkins"
Synthesia,Series A,$12.0M,"Apr 1, 2021",FirstMark
Synthesia,Seed,$1.0M,"Jun 1, 2019",Mark Cuban
Emergent,Series A,$70.0M,"Jan 20, 2026","Khosla Ventures, SoftBank Vision Fund 2"
Emergent,Ipo,Undisclosed,"Jan 1, 2006",
GeneralMind,Equity Financing,$12.0M,"Jan 20, 2026",
Intellend,Seed,$1.2M,"Jan 20, 2026","Atrium Angels, Dhananjay Tiwari, Incubate Fund Asia, M Venture Partners"
Orbem,Series B,$64.5M,"Jan 20, 2026",
Neysa,Private Equity,$62.5M,"Jan 19, 2026",Blackstone
Omniscient Neurotechnology,Series D,$36.0M,"Jan 19, 2026","National Reconstruction Fund, OIF Ventures"
Omniscient Neurotechnology,Series C,$60.0M,"Jun 11, 2024","Base Capital, Gina Rinehart, Will Vicars"
Omniscient Neurotechnology,Series B,$29.3M,"Jul 19, 2021","Gina Rinehart, Hancock Prospecting, Will Vicars"
Omniscient Neurotechnology,Series A,$13.9M,"Jan 4, 2020","Will Vicars, Caledonia"
FOBECON,Pre,Undisclosed,"Jan 18, 2026","GS Engineering & Construction, Hoban Construction"
FOBECON,Seed,$10K,"Jun 1, 2024","First Penguin, MARK and Company, TIPS Program, Yoonmin Foundation"
Converge Bio,Series A,$25.0M,"Jan 15, 2026","Bessemer Venture Partners, Saras Capital, TLV Partners, Vintage Investment Partners"
Converge Bio,Series A,$25.0M,"Jan 13, 2026","Bessemer Venture Partners, Saras Capital, TLV Partners, Vintage Investment Partners"
Converge Bio,Seed,$5.5M,"Jul 1, 2024",
Converge Bio,Seed,$5.5M,"Jun 1, 2024",
Etched,Series B,$500.0M,"Jan 15, 2026",
Etched,Series C,$500.0M,"Jan 13, 2026","Stripes, Peter Thiel, Positive Sum, Primary Venture Partners, Ribbit Capital"
Etched,Series A,$120.0M,"Jun 1, 2024","Positive Sum, Primary Venture Partners"
Etched,Seed,$5.0M,"Jan 1, 2023",
Flip,Series A,$20.0M,"Jan 15, 2026","Next Coast Ventures, Ridge Ventures"
Flip,Series A,$20.0M,"Jan 14, 2026","Next Coast Ventures, Ridge Ventures, Bullpen Capital, Data Point Capital, Forum Ventures, ScOp Venture Capital"
Flip,Series A,$20.0M,"Jan 13, 2026","Next Coast Ventures, Ridge Ventures, Data Point Capital"
Flip,Seed,$11.0M,"Jan 1, 2018",
Mytra,Series C,$120.0M,"Jan 15, 2026","Avenir Growth, Eclipse, Greenoaks"
Mytra,Series B,$50.0M,"Jul 1, 2024","Eclipse, Greenoaks, Abstract Ventures, Promus Ventures"
Mytra,Series A,$28.0M,"Jan 1, 2023","Eclipse, Greenoaks"
Mytra,Seed,Undisclosed,"Jan 1, 2022",
Tulip,Series D,$120.0M,"Jan 15, 2026",Mitsubishi Electric
Tulip,Series C,$100.0M,"Aug 10, 2021",Insight Partners
Tulip,Series B,$39.5M,"Sep 1, 2019","DMG MORI, NEA, Vertex Ventures US"
Tulip,Series B,$18.4M,"Feb 1, 2019","Vertex Ventures US, NEA, Pitango Venture Capital"
Tulip,Series A,$13.0M,"Jun 1, 2017","NEA, Pitango Venture Capital"
Ex Nunc Intelligence,Pre Seed,$1.8M,"Jan 14, 2026","Spicehaus Partners, Active Capital, Aperture Capital, Bloomhaus Ventures, Core Angels"
GovDash,Series B,$30.0M,"Jan 14, 2026","British Columbia Investment Management, Mucker Capital, Northzone, Y Combinator"
GovDash,Series A,$10.0M,"Apr 16, 2024","Northzone, Y Combinator"
Higgsfield,Series A,$80.0M,"Jan 14, 2026","Accel, GFT Ventures, Menlo Ventures"
Higgsfield,Series A,$50.0M,"Sep 1, 2025","GFT Ventures, BroadLight Capital, Menlo Ventures"
Higgsfield,Seed,$8.0M,"Apr 1, 2024","Menlo Ventures, BITKRAFT Ventures, Charge Ventures"
RISA Labs,Series A,$11.1M,"Jan 14, 2026","Cencora Ventures, Optum Ventures, John Simon, Oncology Ventures, Z21 Ventures"
Skild AI,Series C,$1.4B,"Jan 14, 2026","SoftBank, 1789 Capital, Bezos Expeditions, LG, Macquarie Capital, NVIDIA, Salesforce Ventures, Samsung"
Skild AI,Series A,$300.0M,"Jul 1, 2025","Lightspeed, Bezos Expeditions, Coatue, SoftBank"
Skild AI,Series B,$500.0M,"Jun 1, 2025",
Skild AI,Series A,$300.0M,"Jul 1, 2024","Bezos Expeditions, Coatue, Lightspeed, SoftBank Group, General Catalyst, Menlo Ventures"
Skild AI,Seed,$14.5M,"Jun 1, 2023",
depthfirst,Series A,$40.0M,"Jan 14, 2026",Accel
Onebrief,Series D,$200.0M,"Jan 13, 2026","Battery Ventures, Sapphire Ventures, General Catalyst, Insight Partners, Salesforce Ventures"
NeuralMed AI,Series C,$120.0M,"Jan 11, 2026","General Catalyst, Khosla Ventures, Mayo Clinic"
Protege,Series A,$30.0M,"Jan 8, 2026","Andreessen Horowitz, Bloomberg Beta, CRV, Flex Capital, Footwork, Shaper Capital"
Protege,Series A,$25.0M,"Aug 15, 2025","Bloomberg Beta, CRV, Flex Capital, Footwork, Liquid 2 Ventures, Shaper Capital"
Protege,Seed,$10.0M,"Sep 10, 2024","Bloomberg Beta, CRV, Flex Capital, Liquid 2 Ventures, SV Angel, Shaper Capital"
Spangle,Series A,$15.0M,"Jan 8, 2026","NewRoad Capital Partners, DNX Ventures, Madrona, Streamlined Ventures"
Spangle,Seed,$6.0M,"Mar 1, 2024","Madrona, Streamlined Ventures"
Tucuvi,Series A,$20.0M,"Jan 8, 2026","Cathay Innovation, Frontline Ventures, Kfund, Seaya Ventures, Shilling"
Tucuvi,Seed,$3.5M,"Jun 15, 2021","Frontline Ventures, Gobe Ventures, Seaya Ventures, Shilling"
UnlimiTech,Seed,$475K,"Jan 8, 2026","Japan Finance Corporation, Mizuho Bank"
AgileRL,Seed,$7.5M,"Jan 7, 2026","Counterview Capital, Entrepreneur First, Flying Fish Ventures, Fusion Fund, Octopus Ventures"
AgileRL,Seed,$1.9M,"Aug 9, 2023","Counterview Capital, Entrepreneur First, Octopus Ventures"
Arrowhead,Seed,$3.0M,"Jan 7, 2026","Keyur Rajiv Kashikar, Kunal Shah, Madhusudanan R, Pramod Mohandas, Shadab Shamim, Stellaris Venture Partners"
Arrowhead,Pre Seed,$320K,"Mar 15, 2023","Campus Fund, Sector 7"
Boltz,Seed,$28.0M,"Jan 7, 2026","Amplify, Andreessen Horowitz, Factorial Capital, Obvious Ventures, Zetta"
LMArena,Series A,$150.0M,"Jan 6, 2026","Andreessen Horowitz, Felicis, Kleiner Perkins, LDVP, Laude Ventures, Lightspeed, The House Fund, UC Investments"
LMArena,Seed,$100.0M,"May 1, 2025",
Looki,Series A,$20.0M,"Jan 6, 2026","Alpha Sphere, Ant Group, BAI Capital, HD International, Meituan Longzhu, Tongge Venture, Zhongguancun Capital"
xAI,Series E,$20.0B,"Jan 6, 2026","Baron Capital Group, Cisco Investments, Fidelity, MGX, NVIDIA, Qatar Investment Authority, Stepstone Group, Valor Equity Partners"
xAI,Series D,$7.5B,"Oct 8, 2025",
xAI,Series C,$6.0B,"Oct 1, 2025","Andreessen Horowitz, Sequoia Capital"
xAI,Debt Equity,$10.0B,"Sep 1, 2025",
xAI,Series D,$10.0B,"Sep 1, 2025",SpaceX
xAI,Series C,$5.0B,"Jul 1, 2025",Valor Equity Partners
xAI,Series C,$6.0B,"Jun 1, 2025","BlackRock, Fidelity"
xAI,Series C,$6.0B,"Dec 23, 2024","Fidelity, BlackRock, Sequoia Capital"
xAI,Series C,$6.0B,"Dec 1, 2024","Andreessen Horowitz, BlackRock, Fidelity"
xAI,Series C,$6.0B,"Nov 1, 2024",Vy Capital
xAI,Series B,$6.0B,"May 1, 2024","Andreessen Horowitz, Lightspeed, Sequoia Capital, Tribe Capital"
xAI,Seed,$134.7M,"Dec 1, 2023",
xAI,Series A,$135.0M,"Nov 23, 2023",
xAI,Seed,Undisclosed,"Jul 1, 2023",Andreessen Horowitz
xAI,Seed,Undisclosed,"May 1, 2023",
7AI,Series A,$130.0M,"Dec 4, 2025","Index Ventures, Blackstone, CRV, Greylock Partners, Spark"
Spector,Series A,$6.7M,"Oct 1, 2023",IvyCap Ventures
Spector,Seed,Undisclosed,"Sep 16, 2021",Unknown Group
Jasper,Series A,$125.0M,"Oct 18, 2022","Insight Partners, Bessemer Venture Partners, Coatue"
Mutiny,Series B,$50,"Mar 15, 2022","Insight Partners, Cowboy Ventures, Sequoia Capital"
Airbyte,Series B,$150.0M,"Dec 20, 2021","Altimeter Capital, Accel, Benchmark, Sequoia Capital"
Airbyte,Series A,$26.0M,"May 26, 2021","Benchmark, Accel, Y Combinator"
Sendbird,Series C,$100.0M,"May 12, 2021","Steadfast Capital Ventures, ICONIQ, Tiger Global"
Sendbird,Series B,$52.0M,"Feb 12, 2019","ICONIQ, August Capital, Shasta Ventures"
Sendbird,Series A,$16.0M,"Dec 12, 2017","Shasta Ventures, August Capital, Y Combinator"
Scale AI,Series D,$325.0M,"Apr 13, 2021","Dragoneer Investment Group, Greenoaks, Tiger Global Management"
Scale AI,Series C,$155.0M,"Dec 1, 2020","Tiger Global Management, Coatue, Dragoneer Investment Group"
Scale AI,Series B,$100.0M,"Nov 6, 2019","Founders Fund, Accel, Index Ventures"
Scale AI,Series A,$18.0M,"Aug 22, 2018","Index Ventures, Accel, Y Combinator"
Ramen VR,Series A,$10.0M,"Mar 10, 2021","Andreessen Horowitz, Dune Ventures"
Caper,Series B,$25.0M,"Nov 1, 2020","Tiger Global Management, Lux Capital"
Caper,Series A,$10.0M,"Jul 1, 2019","Lux Capital, Y Combinator"
Tara AI,Series A,$10.0M,"Sep 15, 2020","Aspect Ventures, Slack Fund, Y Combinator"
People.ai,Series C,$60.0M,"Oct 15, 2019","ICONIQ, Andreessen Horowitz, Lightspeed"
People.ai,Series B,$30.0M,"Nov 14, 2018","Andreessen Horowitz, GGV Capital, Lightspeed"
People.ai,Series A,$7.0M,"May 23, 2017","Lightspeed, Index Ventures, Shasta Ventures"
Checkr,Series D,$160.0M,"Sep 19, 2019","T. Rowe Price, Accel, IVP, Y Combinator"
Checkr,Series C,$100.0M,"Apr 11, 2018","T. Rowe Price, Accel, IVP"
Checkr,Series B,$40.0M,"Mar 23, 2016","IVP, Accel, Y Combinator"
Checkr,Series A,$9.0M,"Apr 30, 2015","Accel, Y Combinator"
OpenAI,Growth,$110.0B,"Feb 27, 2026","Amazon, NVIDIA, SoftBank"
OpenAI,Series F,$40.0B,"Mar 31, 2025","SoftBank, Altimeter Capital, Andreessen Horowitz, Blackstone, Coatue, D1 Capital Partners, Fidelity, Founders Fund, MGX, Microsoft, Sequoia Capital, T. Rowe Price, TPG, Thrive Capital, Tiger Global"
OpenAI,Series E,$6.6B,"Oct 2, 2024","Thrive Capital, Altimeter Capital, Andreessen Horowitz, Fidelity, MGX, Microsoft, NVIDIA, Sequoia Capital, SoftBank, Tiger Global"
OpenAI,Series E,$300.0M,"Apr 28, 2023","Thrive Capital, Andreessen Horowitz, Founders Fund, K2 Global, Sequoia Capital, Tiger Global"
OpenAI,Series D,$1.0B,"Jul 22, 2019",Microsoft
OpenAI,Seed,$1.0B,"Dec 11, 2015","Amazon Web Services, Elon Musk, Infosys, Peter Thiel, Reid Hoffman, Sam Altman, Y Combinator"
Anthropic,Series G,$30.0B,"Feb 12, 2026","Coatue Management, D.E. Shaw Ventures, Dragoneer Investment Group, Founders Fund, GIC, ICONIQ Capital, MGX, Microsoft, NVIDIA"
Anthropic,Series D,Undisclosed,"Jan 20, 2026","Coatue, GIC, Sequoia Capital"
Porters,Pre Seed,$2.9M,"Feb 11, 2026","Earlybird (lead), Metaco), Penta, Qonto, Seedcamp, Upvest, fintech founders & angels (e.g."
Valiance Health,Pre Seed,Undisclosed,"Feb 11, 2026","Artem Ventures, Gobi Partners (SuperSeed II), Jati Growth"
Runway,Series E,$315.0M,"Feb 10, 2026","AMD Ventures, Adobe Ventures, Felicis Ventures 1 & others, Fidelity Management & Research Co., Led by General Atlantic; participation from Nvidia"
Runway,Series D,$308.0M,"Apr 3, 2025","Baillie Gifford & others, Fidelity Management & Research Co., Led by General Atlantic; participation from SoftBank Vision Fund 2, NVIDIA"
Runway,Series,$141.0M,"Jun 29, 2023","Existing investors, Google, NVIDIA, Salesforce Ventures"
Runway,Series C,$50.0M,"Dec 5, 2022","Amplify Partners, Coatue, Compound, Felicis, Madrona"
Runway,Series B,$35.0M,"Dec 8, 2021",
Runway,Series A,$8.5M,"Dec 8, 2020",
Capalo AI,Series A,$11.9M,"Feb 6, 2026","Heartcore Capital (lead), Innovestor + family offices, Inventure, PROfounders Capital, Tesi (Finnish Industry Investment), VentureFriends"
Capalo AI,Seed,$4.1M,"Mar 19, 2025","Innovestor, Inventure, PROfounders Capital, VentureFriends (lead)"
Capalo AI,Seed,$540K,"Oct 11, 2023","Innovestor Tech Fund (lead), Inventure"
TWAICE,Debt,$26.0M,"Feb 6, 2026",European Investment Bank
TWAICE,Series,$30.0M,"Apr 26, 2022","Coatue (lead), personal investment by Lip-Bu Tan"
TWAICE,Seed,$1.3M,"Apr 26, 2022","Speedinvest, Unternehmertum Venture Capital Partners"
TWAICE,Series B,$26.0M,"May 19, 2021","Cherry Ventures, Creandum, Energize Ventures (lead), Speedinvest, UVC Partners"
TWAICE,Series A,$11.8M,"Mar 25, 2020","Cherry Ventures, Creandum (lead), Speedinvest, UVC Partners"
TWAICE,Seed Extension,$3.5M,"May 29, 2019","Existing investors (UVC Partners, Speedinvest"
Gardia,Series A,$9.2M,"Feb 5, 2026","BONVENTURE, Beurer, DvH Ventures, Peak (lead), amberra (Co-op Financial Group’s VC arm), butterfly & elephant (GS1 Germany accelerator), existing angels"
Refute,Seed,$6.3M,"Feb 3, 2026","Amadeus Capital Partners, Episode 1, National Security Strategic Investment Fund (NSSIF), Osney Cap, Playfair"
Refute,Pre Seed,$2.9M,"Dec 13, 2024","Alastair Paterson), Amadeus Capital Partners, Carlos Espinal, Episode 1, James Chappell, Notion Capital, Playfair, angel investors (Charlie Songhurst"
Watchdog,Seed,Undisclosed,"Feb 2, 2026","Angel investors affiliated with OpenAI, Askeladden & Co, Encube, Petter Reistad, and Riff networks"
Biopeak,Follow On,$2.0M,"Jan 29, 2026",Nikhil Kamath
Biopeak,Seed,$3.0M,"Jun 6, 2025","Claypond Capital (Ranjan Pai family office), Prashanth Prakash (Accel), Rainmatter (Zerodha)"
Biopeak,Angel,$1.0M,"Aug 23, 2024",Nikhil Kamath
OneARVO,Pre Seed,Undisclosed,"Jan 29, 2026",Inflection Point Ventures
OneARVO,Startup Programme,Undisclosed,"Nov 11, 2024",Algorand Foundation (via T-Hub Startup Lab cohort)
TetraxAI,Pre Seed,$1.0M,"Jan 29, 2026","Carbon13, Norrsken Evolve, The Footprint Firm"
TakeTwo,Pre Seed,Undisclosed,"Jan 28, 2026","Afore Capital, Inovia VC"
GoCanopy,Seed,$2.0M,"Jan 27, 2026","Andrew Baum, BNP Paribas Développement, ISAI, Ludovic Jacquot, Yellow"
SpotDraft,Series B,$8.0M,"Jan 27, 2026",Qualcomm Ventures
SpotDraft,Series B,$11.0M,"May 1, 2023","Accel Partners, Sequoia Capital India"
SpotDraft,Series A,$4.0M,"Sep 1, 2021","Bain Capital Ventures, Lightspeed Venture Partners"
SpotDraft,Seed,$1.2M,"Oct 1, 2020",Bain Capital Ventures
SpotDraft,Pre Seed,$250K,"Jun 1, 2018",Y Combinator
Kime,Pre Seed,$2.0M,"Jan 26, 2026","Copenhagen and Stockholm‑based angel investors, Nordic Makers, PSV Tech"
Orbital,Series B,$60.0M,"Jan 26, 2026","Brighton Park Capital, Grosvenor Group, JLL Spark, Moderne Ventures, Outward, REV (venture arm of RELX/LexisNexis), Seedcamp, The LegalTech Fund"
Orbital,Series A,$10.0M,"May 19, 2023","LocalGlobe, Outward VC, Parker89, Portfolio Ventures, Realty Corporation, Seedcamp"
Orbital,Seed,$4.0M,"Jul 14, 2020","LocalGlobe, Outward VC, Seedcamp"
Rainbow Weather,Seed,$5.0M,"Jan 26, 2026",Syndicate including Yuri Gurski (founder & president of Flo Health)
Rainbow Weather,Seed,$2.0M,"Nov 7, 2023","European Bank for Reconstruction and Development, Kolos Ventures, Melnichek Investments, Verras Capital"
Voxelo,Pre Seed,$410K,"Jan 26, 2026",Andy Gray
Zocks,Series B,$45.0M,"Jan 26, 2026","14Peaks Capital, Entrée Capital, Expanse Venture Partners, Illuminate Financial, Lightspeed Venture Partners, Motive Partners, QED Investors"
Zocks,Series A,$13.0M,"Mar 6, 2025","14Peaks Capital, Entrée Capital, Expanse Venture Partners, Lightspeed Venture Partners, Motive Ventures"
Zocks,Seed,$5.0M,"Apr 5, 2024",Lightspeed Venture Partners
Altek AI,Pre Seed,$500K,"Jan 23, 2026",Startuplab Founders
Comper,Pre Seed,Undisclosed,"Jan 23, 2026",Productfirst
Breezy AI,Pre Seed,$1.0M,"Jan 22, 2026","DASH Ventures, FENA Holdings, Wamda Capital, strategic angel investors"
Space Protocol,Venture,$20.0M,"Jan 22, 2026",
Space Protocol,Seed,Undisclosed,"Apr 13, 2023",Moonbeam Accelerator
Bolna,Seed,$6.3M,"Jan 21, 2026",
Offerswap,Funding,$2.3M,"Jan 21, 2026",Catalyst Ventures
Preply,Series D,$150.0M,"Jan 21, 2026","WestCap, Índico Capital, Índico Capital Partners"
Preply,Series C,$70.0M,"Jul 19, 2023","Horizon Capital, Hoxton Ventures, Owl Ventures, Reach Capital"
Preply,Series C,$50.0M,"Jul 13, 2022","Owl Ventures, Diligent Capital, EduCapital, Evli Growth Partners, Hoxton Ventures, Orbit Capital, Swisscom Ventures"
Preply,Series B,$35.0M,"Mar 9, 2021","Full In Partners, Owl Ventures, All Iron Ventures, Diligent Capital, EduCapital, Evli Growth Partners, Hoxton Ventures, Point Nine Capital"
Preply,Series A,$10.0M,"Mar 30, 2020","Hoxton Ventures, All Iron Ventures, Diligent Capital, EduCapital, Point Nine Capital, The Family"
Preply,Funding,$4.0M,"Jul 24, 2018","Diligent Capital Partners, Point Nine Capital, RTAventures, SMRK"
Preply,Seed,$1.3M,"Jun 7, 2016","Arthur Kosten, Digital Future, Mariusz Gralewski, RTAventures, SMRK, Xevin Investments"
Preply,Accelerator,$120K,"Jan 1, 2015",Techstars
Preply,Angel,$180K,"Jan 1, 2013","Borya Shakhnovich, Dan Pasko, Semyon Dukach, Torben Majgaard, Vadim Yasinovsky, Vostok Ventures"
Ringg,Series A,$5.5M,"Jan 21, 2026",Arkam Ventures
Sensesemi,Seed,$2.7M,"Jan 21, 2026",Piper Serica
Anzen Industries,Pre Seed,$2.2M,"Jan 20, 2026",
Elyos AI,Series A,$11.1M,"Jan 20, 2026",
Elyos AI,Accelerator,Undisclosed,"Jul 1, 2023",
Humans&,Seed,$480.0M,"Jan 20, 2026",
Stilla,Pre Seed,$5.0M,"Jan 20, 2026",General Catalyst
Stream,Series D,$90.0M,"Jan 20, 2026",
Culture,Seed,$240K,"Jan 19, 2026",Acuvest Infra
Governata,Seed,$4.0M,"Jan 18, 2026","A-Typical Ventures, Hyperscope Ventures, Joa Capital, Plug and Play, Plus VC, Sadu Capital, Sanabil Accelerator, abtal.vc"
ClickHouse,Series D,$400.0M,"Jan 16, 2026","Dragoneer Investment Group, Bessemer Venture Partners, GIC, Index Ventures, Khosla Ventures"
ClickHouse,Series C,Undisclosed,"Oct 7, 2025","Adams Street Partners, Altimeter Capital, Bessemer Venture Partners, Bond, Citi Ventures, D. E. Shaw Ventures, Expanding Capital, Founders Circle Capital, GIC, IVP, Insight Partners, Peak XV Partners, Rosberg Ventures"
ClickHouse,Series C,$350.0M,"May 1, 2025","Battery Ventures, Benchmark, Bessemer Venture Partners, Bond, Coatue, FirstMark Capital, GIC, IVP, Index Ventures, Khosla Ventures, Lightspeed Venture Partners, Nebius"
ClickHouse,Series B,$250.0M,"Oct 28, 2021","Almaz Capital, Altimeter Capital, Benchmark, Coatue, FirstMark Capital, Index Ventures, Lead Edge, Lightspeed Venture Partners, Redpoint, Yandex N.V."
ClickHouse,Series A,$50.0M,"Sep 20, 2021","Benchmark, Index Ventures, Yandex N.V."
GrowthPal,Seed,$2.6M,"Jan 16, 2026",Ideaspring Capital
Parloa,Series D,$350.0M,"Jan 15, 2026",
Parloa,Series C,$120.0M,"May 1, 2025","Durable Capital, Altimeter Capital, General Catalyst"
Parloa,Series B,$66.0M,"Apr 1, 2024",Altimeter Capital
Parloa,Series A,$21.0M,"Jan 1, 2023",
Parloa,Seed,$4.2M,"May 13, 2022",
Deepgram,Series C,$130.0M,"Jan 14, 2026",
Deepgram,Series C,$130.0M,"Jan 13, 2026","AVP, Alkeon, Alumni Ventures, BlackRock, In-Q-Tel, Madrona, Princeville Capital, Salesforce Ventures, Tiger Global, Wing, Y Combinator"
Deepgram,Series B,$72.0M,"Nov 26, 2022","Madrona, Alkeon"
Deepgram,Series B,$72.0M,"Nov 1, 2022","Madrona, Alkeon, BlackRock, Citi Ventures, In-Q-Tel, NVIDIA, SAP, Tiger Global, Wing, Y Combinator"
Deepgram,Series B,$25.0M,"Feb 23, 2021","Tiger Global Management, NVIDIA, Wing Venture Capital"
Deepgram,Series A,$12.0M,"Jan 1, 2021","Wing VC, Compound, NVIDIA, Y Combinator"
Deepgram,Series A,$13.0M,"Jun 1, 2020","In-Q-Tel, SAP, Wing, Y Combinator"
Deepgram,Series A,$12.0M,"Dec 10, 2019","Wing Venture Capital, NVIDIA, Y Combinator"
Accelsius,Series B,$65.0M,"Jan 13, 2026","Johnson Controls, Legrand"
Accelsius,Series A,$24.0M,"Nov 13, 2024","Innventure, Bell Laboratories"
Accelsius,Seed,$250K,"Oct 16, 2023",Innventure
Bluecopa,Series A,$7.5M,"Jan 12, 2026","Analog Partners, Blume Ventures, Dallas Venture Capital"
Bluecopa,Seed,$1.8M,"Jan 1, 2024","Blume Ventures, Dallas Venture Capital"
Edgistify,Seed,$1.4M,"Jan 12, 2026",NB Ventures
Edgistify,Seed,$1.6M,"Jan 1, 2023",Sterling Auxiliaries
Zepo Intelligence,Seed,$15.0M,"Jan 12, 2026","Kibo Ventures, TIN Capital, eCAPITAL"
Corgi,Series A,$108.0M,"Jan 9, 2026","Alumni Ventures, Contrary, Fellows Fund, Glade Brook Capital Partners, Kindred Ventures, Leblon Capital, Phosphor Capital, Quadri Ventures, SV Angel, Seven Stars, Y Combinator"
Onsetto,Seed,$2.2M,"Jan 8, 2026","EJF Ventures, Idea Fund of La Crosse, The Perch Fund"
Autonomous Technologies Group,Seed,$15.0M,"Jan 7, 2026","Y Combinator, Box Group, Collaborative Group, Fusion Fund, Garry Tan"
GameByte,Seed,$1.0M,"Dec 1, 2025","Webrazzi GSYF, Crenvo"
Ontic Technologies,Series C,$230.0M,"Aug 21, 2025","Austin Ventures, KKR, Ridge Ventures, Silverton Partners, Ten Eleven Ventures"
Cluely,Series A,$15.0M,"Jun 20, 2025",Andreessen Horowitz
Cluely,Seed,$5.3M,"Apr 1, 2025","Abstract Ventures, Susa Ventures"
Anduril,Series G,$2.5B,"Jun 5, 2025","Founders Fund, Sands Capital"
Anduril,Series F,$1.5B,"Aug 8, 2024","Baillie Gifford, Counterpoint Global, Fidelity, Founders Fund, Sands Capital"
Anduril,Series E,$1.5B,"Dec 1, 2022","Valor Equity Partners, Andreessen Horowitz, Founders Fund"
Anduril,Series D,$450.0M,"Jun 1, 2021","D1 Capital Partners, Elad Gil, Founders Fund, General Catalyst, Lux Capital, Valor Equity Partners"
Anduril,Series C,$200.0M,"Jul 1, 2020","Andreessen Horowitz, Founders Fund, General Catalyst"
Anduril,Series C,$200.0M,"Apr 1, 2020","Andreessen Horowitz, Founders Fund"
Anduril,Series B,$120.0M,"Sep 1, 2019","Andreessen Horowitz, Founders Fund, General Catalyst"
Anduril,Series B,$127.0M,"Jul 1, 2019","Andreessen Horowitz, Founders Fund, General Catalyst"
Anduril,Series A,$41.0M,"Jun 1, 2018","Founders Fund, Human Capital, SV Angel"
Anduril,Series A,$41.5M,"Mar 1, 2018",Andreessen Horowitz
Anduril,Seed,$17.5M,"Aug 1, 2017",Founders Fund
Ringg AI,Seed,$1.0M,"May 29, 2025",
Listen Labs,Seed,Undisclosed,"Apr 24, 2025","Conviction, Pear, Sequoia Capital"
Listen Labs,Series A,$27.0M,"Apr 24, 2025","Conviction, Evantic Capital, Florent Venture Partners, Pear, Sequoia Capital"
Listen Labs,Series A,$15.0M,"Feb 10, 2025","FirstMark, Lerer Hippeau"
Listen Labs,Seed,$5.0M,"Aug 15, 2021","BBG Ventures, Lerer Hippeau"
Torq,Series C,$70.0M,"Sep 24, 2024","Evolution Equity Partners, Bessemer Venture Partners, Greenfield Partners, Notable Capital, Strait Capital"
Torq,Series B,$42.0M,"Jan 23, 2024","Evolution Equity Partners, Bessemer Venture Partners, Greenfield Partners, Notable Capital"
Torq,Series A,$20.0M,"Jun 1, 2022","Insight Partners, Bessemer Venture Partners, GGV Capital"
Torq,Seed,Undisclosed,"Dec 1, 2020",
HeyMax,Seed,$2.6M,"Jul 1, 2024",
HeyMax,Funding,$2.6M,"Jul 1, 2024",
Celestial AI,Series C,$250.0M,"Mar 27, 2024","BlackRock, Engine Ventures, Fidelity"
Celestial AI,Series B,$100.0M,"Jun 15, 2023","BlackRock, Engine Ventures, Fidelity"
Celestial AI,Series A,$56.0M,"Feb 24, 2022","BlackRock, Engine Ventures, IAG Capital Partners"
Celestial AI,Seed,$15.0M,"Jan 10, 2021","BlackRock, Engine Ventures"
Helin,Seed,$3.3M,"Dec 21, 2023",
Helin,Revenue,Undisclosed,"Mar 22, 2023",
Multibagg AI,Pre Seed,$181K,"Oct 1, 2023",A Junior VC
Observe.AI,Series C,$125.0M,"Apr 12, 2022","SoftBank Vision Fund 2, Menlo Ventures, Nexus Venture Partners, Scale Venture Partners"
Observe.AI,Series B,$54.0M,"Dec 15, 2020","Menlo Ventures, Next47, Nexus Venture Partners, Scale Venture Partners"
Observe.AI,Series A,$8.0M,"Sep 17, 2019","Scale Venture Partners, Nexus Venture Partners, Y Combinator"
Standard Cognition,Series B,$150.0M,"May 18, 2021","SoftBank Vision Fund, CRV, Initialized Capital"
Standard Cognition,Series A,$40.0M,"Jul 22, 2019","Initialized Capital, CRV, Y Combinator"
Ridecell,Series C,$45,"Apr 20, 2021","Fort Ross Ventures, LG Technology Ventures, Solasta Ventures"
Career Karma,Series A,$10.0M,"Jan 26, 2021","Initialized Capital, SoftBank's Opportunity Fund, Y Combinator"
Podium,Series C,$125.0M,"Apr 7, 2020","Y Combinator Continuity, Accel, IVP, Summit Partners"
Podium,Series B,$60.0M,"Nov 13, 2018","IVP, Accel, Summit Partners"
Podium,Series A,$3.2M,"Feb 1, 2016",Accel
Unbabel,Series C,$60.0M,"Jan 1, 2020","Point72 Ventures, Greenspring Associates, e.ventures"
Unbabel,Series B,$23.0M,"Sep 1, 2018","Scale Venture Partners, Microsoft, Samsung NEXT"
Unbabel,Series A,$1.5M,"Jan 1, 2014","Notion Capital, Caixa Capital, Faber Ventures"
Cruise,Acquisition,$1.0B,"Mar 1, 2016",
Cruise,Series A,$12.5M,"Sep 1, 2015","Sam Altman, Spark Capital, Y Combinator"
Cruise,Seed,$4.3M,"Jan 1, 2014","Founder Collective, Maven Ventures, Y Combinator"
Relativity Space,Series C,$500.0M,"Nov 23, 2021","Tiger Global Management, Baillie Gifford, Fidelity"
Relativity Space,Series B,$140.0M,"Oct 1, 2019","Bond, Tribe Capital, Y Combinator"
Relativity Space,Series A,$35.0M,"Mar 27, 2018","Social Capital, Mark Cuban, Y Combinator"
Articul8,Series B,$70.0M,"Jan 7, 2026","Adara Ventures, Aditya Birla Ventures, DigitalBridge, Intel Capital, NXC Corporation"
Articul8,Seed,Undisclosed,"Jan 4, 2024","DigitalBridge, Fin Capital"
Articul8,Series A,$40.0M,"Jan 3, 2024","DigitalBridge, Fin Capital, Intel Capital"
Articul8,Series A,Undisclosed,"Jan 1, 2024",
Scalvy,Series A,$13.9M,"Mar 26, 2026","Silicon Badia, Azolla Ventures, Climate Capital, Skyriver Ventures"
EPIC Microsystems,Series A,$21.0M,"Mar 25, 2026","Seligman Ventures, AICONIC Ventures, Cambium Capital, Intel Capital"
Nebius Group,Strategic,$2.0B,"Mar 11, 2026",NVIDIA
Nscale,Series C,$2.0B,"Mar 9, 2026","Aker ASA, 8090 Industries, Astra Capital Management, Citadel, Dell, Jane Street, Lenovo, Linden Advisors, NVIDIA, Nokia, Point72"
Ayar Labs,Series E,$500.0M,"Mar 3, 2026","Neuberger Berman, 1789 Capital, AMD, ARK Invest, Alchip, Insight Partners, MediaTek, NVIDIA, Qatar Investment Authority"
OpenCX,Seed,$7.0M,"Jan 22, 2026","Sadu Capital (growth-focused investor), Shorooq (Abu Dhabi-based investment firm), X by Unifonic (regional strategic investor), Y Combinator (participating again)"
OpenCX,Pre Seed,$1.0M,"Jan 13, 2026","Dafeng Guo, Koen Köppen (CEO of Mollie), Kulveer Taggar, Pioneer Fund, Propeller Fund, Spacetime (investment arm linked to tech founders), Taro Fukuyama, Y Combinator (accelerator & lead)"
Wearable Robotics,Series A,$5.4M,"Apr 3, 2026","CDP Venture Capital, LIFTT, MITO Technology, RoboIT, SIMEST, Toscana Next"
Keda Robotics,Seed,$4.0M,"Mar 30, 2026",
Sunday Robotics,Series B,$165.0M,"Mar 12, 2026","Coatue Management, Bain Capital Ventures, Benchmark, Conviction, Fidelity Management & Research, Tiger Global, Xtal Ventures"
Chiral,Seed,$12.0M,"Feb 6, 2026","Crane Venture Partners (lead), Founderful; + public funding from Innosuisse, HCVC, Quantonation"
Chiral,Seed,$3.8M,"Feb 28, 2024",Founderful (formerly Wingman Ventures) & HCVC (co-lead); ETH Zurich & Venture Kick (grants)
EyeROV,Pre,$1.0M,"Feb 4, 2026","AWE Funds, Unicorn India Ventures"
EyeROV,Pre,$1.0M,"Aug 13, 2024",Unicorn India Ventures
Shotling,Pre Seed,$828K,"Feb 2, 2026","EIFO, IPO CLUB's Fund II America 2030, Myriad Defense Fund"
AquaAirX,Seed,$1.0M,"Jan 28, 2026","India Accelerator, Prime Venture Partners, Rainmatter, Wyser"
Unbox Robotics,Series B,$28.0M,"Jan 20, 2026",ICICI Venture
Botsync,Series A,Undisclosed,"Jan 14, 2026",SGInnovate
Botsync,Series A,$5.2M,"Jun 5, 2024","AppWorks, Betatron, Capital 2B, Iterative, IvyCap"
Botsync,Pre,$3.2M,"Jul 21, 2022","AngelHub, Artesian, SEEDS Capital, Wong Fong Industries"
Ginkgo Bioworks,Ipo,Undisclosed,"Sep 17, 2021",
Ginkgo Bioworks,Series D,$290.0M,"Sep 19, 2019","T. Rowe Price, Baillie Gifford, Cascade Investment"
Ginkgo Bioworks,Series C,$275.0M,"Dec 14, 2017","General Atlantic, Viking Global Investors, Y Combinator"
Ginkgo Bioworks,Series B,$100.0M,"Jun 8, 2016","Y Combinator Continuity, Baillie Gifford, Cascade Investment"
Ginkgo Bioworks,Series A,$45.0M,"Jun 10, 2015","Viking Global Investors, Data Collective, Y Combinator"
Endform,Seed,$1.6M,"Mar 31, 2026","Alliance VC, Antler, First Fellow Partners, Greens Ventures"
Kestra,Series A,$25.0M,"Mar 31, 2026","RTP Global, Alven, Axeleo, ISAI"
Replit,Series D,$400.0M,"Mar 11, 2026","Georgian, Accenture Ventures, Andreessen Horowitz, Coatue Management, Craft Ventures, Databricks Ventures, G Squared, Okta Ventures, Prysm Capital, Y Combinator"
Replit,Series E,$250.0M,"Sep 10, 2025","Amex Ventures, Andreessen Horowitz, Coatue, Craft Ventures, FPVentures, Google AI Futures Fund, Paul Graham, Prysm Capital, Redpoint, TQventures, UnusualVC, Y Combinator"
Replit,Venture,$20.0M,"Nov 1, 2023",Craft Ventures
Replit,Series C,$97.4M,"Apr 25, 2023",Andreessen Horowitz Growth Fund
Replit,Series B,$80.0M,"Dec 1, 2021",Coatue Management
Replit,Series A,$20.0M,"Feb 1, 2021",A.Capital Ventures
Replit,Seed,$4.5M,"Oct 22, 2018","Andreessen Horowitz, Paul Graham, Y Combinator"
Replit,Pre Seed,$120K,"Jan 1, 2018",Y Combinator
Replit,Pre Seed,$600K,"Oct 1, 2016",Bloomberg Beta
Paraglide,Seed,$5.0M,"Jan 27, 2026","Bessemer Venture Partners, Born Capital, DN Capital, Nordic Web Ventures"
Supabase,Series D,$200.0M,"Nov 14, 2024","Accel, Coatue, Felicis"
Supabase,Series C,$100.0M,"Sep 25, 2024","Accel, Coatue, Felicis"
Supabase,Series B,$80.0M,"Dec 1, 2022","Felicis, Coatue, Y Combinator"
Supabase,Series B,$80.0M,"May 10, 2022","Coatue, Felicis, Lightspeed"
Supabase,Series A,$30.0M,"Sep 9, 2021","Coatue, Felicis, Y Combinator"
Supabase,Seed,$6.0M,"Dec 15, 2020","Coatue, Mozilla, Y Combinator"
Supabase,Seed,$6.0M,"May 1, 2020","Y Combinator, Coatue, Mozilla"
Rutter,Series B,$45.0M,"Jun 20, 2024","Addition, Bain Capital, Tiger Global"
Rutter,Series A,$25.0M,"Mar 15, 2022","Addition, Bain Capital, Cota Capital"
Rutter,Seed,$4.5M,"Mar 10, 2021","Bain Capital, Y Combinator"
Vercel,Series E,$250.0M,"May 16, 2024","Accel, GGV Capital, Greenoaks"
Vercel,Series D,$150.0M,"Nov 9, 2022","Glynn Capital, Accel, Bedrock Capital, CRV, GV"
Vercel,Series D,$150.0M,"Nov 23, 2021","Accel, GGV Capital, Greenoaks"
Vercel,Series C,$102.0M,"Jun 23, 2021","Accel, GGV Capital, Greenoaks"
Vercel,Series B,$40.0M,"Dec 16, 2020","Accel, CRV, GV"
Vercel,Series A,$21.0M,"Apr 21, 2020","Accel, GV"
Snyk,Series G,$196.5M,"Dec 12, 2022","Boldstart Ventures, Evolution Equity Partners, G Squared, Irving Investors, QIA, Sands Capital, Tiger Global"
Snyk,Series F,$530.0M,"Sep 9, 2021","Baillie Gifford, Lone Pine Capital, Sands Capital, Tiger Global"
Snyk,Series E,$530.0M,"Sep 9, 2021","Tiger Global Management, Accel, Addition, Boldstart Ventures, GV, Stripes"
Snyk,Series E,$175.0M,"Mar 10, 2021","Accel, Addition, BlackRock, Boldstart Ventures, Coatue, GV, Salesforce Ventures, Stripes, Tiger Global"
Snyk,Series D,$200.0M,"Sep 9, 2020","Accel, Addition, Coatue, GV, Stripes, Tiger Global"
Snyk,Series C,$150.0M,"Jan 21, 2020","Boldstart Ventures, Coatue, Salesforce Ventures, Stripes, Tiger Global"
Snyk,Series B,$22.0M,"Sep 10, 2019","Accel, GV"
Snyk,Series A,$7.0M,"Sep 25, 2018",Accel
Snyk,Series B,$22.0M,"Sep 25, 2018","Accel, Boldstart Ventures, GV, Heavybit"
Snyk,Series A,$7.0M,"Mar 1, 2018","Accel, GV"
Snyk,Seed,$3.0M,"Jan 6, 2016",Boldstart Ventures
Retool,Series C,$20.0M,"Dec 7, 2022","Sequoia Capital, Stripe"
Retool,Series B,$50.0M,"Dec 15, 2020","Sequoia Capital, Addition"
Retool,Series A,$25.0M,"Oct 24, 2019",Sequoia Capital
GitLab,Ipo,Undisclosed,"Oct 14, 2021",
GitLab,Series D,$268.0M,"Sep 17, 2019","Goldman Sachs, GV, ICONIQ"
GitLab,Series C,$100.0M,"Sep 19, 2018","ICONIQ, GV, Khosla Ventures"
GitLab,Series B,$20.0M,"Sep 13, 2016","August Capital, Khosla Ventures"
GitLab,Series A,$1.5M,"Sep 1, 2015",Khosla Ventures
Amplitude,Ipo,Undisclosed,"Sep 28, 2021",
Amplitude,Series D,$50.0M,"May 26, 2020","GIC, IVP, Sequoia Capital"
Amplitude,Series C,$30.0M,"Dec 11, 2018","IVP, Battery Ventures, Benchmark, Y Combinator"
Amplitude,Series B,$15.0M,"Jun 7, 2017","IVP, Battery Ventures, Benchmark"
Amplitude,Series B,$15.0M,"Jun 1, 2016","Battery Ventures, Benchmark"
Amplitude,Series A,$9.0M,"May 27, 2015","Benchmark, Data Collective, SV Angel"
Mux,Series C,$37.0M,"Feb 23, 2021","Coatue, Accel, Andreessen Horowitz"
Mux,Series B,$20.0M,"Oct 17, 2019","Andreessen Horowitz, Accel, Y Combinator"
Mux,Series A,$9.0M,"Apr 12, 2017","Accel, SV Angel, Y Combinator"
Bitmovin,Series C,$25.0M,"Dec 15, 2020","Swisscom Ventures, Atomico, Climb Ventures, Highland Europe"
Bitmovin,Series B,$30.0M,"Nov 28, 2018","Highland Europe, Atomico, Constantia New Business, Speedinvest"
Bitmovin,Series A,$10.0M,"May 10, 2016","Atomico, Constantia New Business, Speedinvest"
Duffel,Series B,$30.0M,"Sep 24, 2020","Index Ventures, Benchmark, Blossom Capital"
Duffel,Series A,$21.0M,"Oct 17, 2019","Index Ventures, Benchmark, Blossom Capital"
Duffel,Seed,$4.5M,"Nov 1, 2018","Index Ventures, Kima Ventures, Y Combinator"
Railway,Pre Seed,$1.0M,"Jun 1, 2020",Y Combinator
OneSignal,Series B,$25.0M,"Dec 12, 2018","SignalFire, Rakuten Ventures, Y Combinator"
OneSignal,Series A,$9.0M,"Oct 18, 2016","SignalFire, Rakuten Ventures, Y Combinator"
HackerRank,Series C,$30.0M,"Mar 20, 2018","JMI Equity, Battery Ventures, Khosla Ventures"
HackerRank,Series B,$7.5M,"Jul 9, 2015","JMI Equity, Battery Ventures, Khosla Ventures"
HackerRank,Series A,$9.0M,"Jun 3, 2014","Khosla Ventures, Battery Ventures, Y Combinator"
Mattermost,Series B,$50.0M,"Mar 16, 2021","Y Combinator Continuity, Battery Ventures, Redpoint, S28 Capital"
Mattermost,Series A,$20.0M,"Feb 26, 2019","Redpoint, S28 Capital, Y Combinator"
InfluxData,Series C,$35.0M,"Feb 13, 2019","Sapphire Ventures, Battery Ventures, Mayfield Fund"
InfluxData,Series B,$16.0M,"Feb 13, 2018","Battery Ventures, Mayfield Fund, Trinity Ventures"
InfluxData,Series A,$8.0M,"Sep 21, 2016","Mayfield Fund, Bloomberg Beta, Trinity Ventures"
CoreOS,Acquisition,Undisclosed,"Jan 30, 2018",
CoreOS,Series B,$12.0M,"Apr 28, 2015","Google Ventures, Kleiner Perkins, Sequoia Capital"
CoreOS,Series A,$8.0M,"Dec 11, 2013","Sequoia Capital, Google Ventures, Kleiner Perkins"
Docker,Series D,$92.0M,"Apr 17, 2017","Insight Partners, Sequoia Capital"
Docker,Series C,$95.0M,"Nov 10, 2015","Insight Partners, Benchmark, Sequoia Capital"
Docker,Series B,$40.0M,"Apr 14, 2015","Sequoia Capital, Benchmark"
Docker,Series A,$15.0M,"Sep 16, 2014","Benchmark, Insight Partners"
FinStack,Series B,$65.0M,"Jan 10, 2026","Index Ventures, Stripe, Y Combinator"
Plaid,Series E,$575.0M,"Apr 3, 2025","BlackRock, Fidelity, Franklin Templeton, New Enterprise Associates, Ribbit Capital"
Plaid,Series D,$425.0M,"Apr 7, 2021","Altimeter Capital, Ribbit Capital, Silver Lake"
Plaid,Series C,$250.0M,"Dec 11, 2018","Andreessen Horowitz, Index Ventures, Mary Meeker"
Plaid,Series B,$44.0M,"Jun 1, 2016",Goldman Sachs
Plaid,Series A,$12.5M,"Nov 1, 2014",New Enterprise Associates
Plaid,Series A,$4.4M,"Dec 11, 2013","Spark Capital, Google Ventures, NEA"
Plaid,Seed,$2.8M,"Dec 1, 2013","Google Ventures, New Enterprise Associates, Spark Capital"
Ribbon Health,Series B,$43.0M,"Oct 13, 2021","General Catalyst, Andreessen Horowitz, BoxGroup"
Ribbon Health,Series A,$10.5M,"Sep 15, 2020","Andreessen Horowitz, BoxGroup, Y Combinator"
MessageBird,Series C,$200,"Oct 8, 2020","Spark Capital, Accel, Bond"
MessageBird,Series B,$40,"Feb 5, 2019","Atomico, Y Combinator"
MessageBird,Series A,$60,"Oct 31, 2017",Accel
Fivetran,Series E,$565.0M,"Sep 20, 2021","Andreessen Horowitz, General Catalyst, Matrix Partners"
Fivetran,Series D,$100.0M,"Jun 30, 2020","Andreessen Horowitz, CEAS Investments, General Catalyst"
Fivetran,Series C,$44.0M,"Sep 17, 2019","Andreessen Horowitz, CEAS Investments, Matrix Partners"
Fivetran,Series B,$15.0M,"Jun 1, 2018",Andreessen Horowitz
Fivetran,Series A,$1.5M,"Sep 1, 2016",Matrix Partners
Mixpanel,Series B,$65.0M,"Dec 1, 2014",Andreessen Horowitz
Mixpanel,Series A,$10.0M,"Jan 1, 2011",Sequoia Capital
PagerDuty,Ipo,Undisclosed,"Apr 11, 2019",
PagerDuty,Series D,$90.0M,"Jun 1, 2017","Wellington Management, Accel, Andreessen Horowitz, Bessemer Venture Partners"
PagerDuty,Series C,$43.0M,"Jul 9, 2015","Accel, Andreessen Horowitz, Bessemer Venture Partners"
PagerDuty,Series B,$27.0M,"Jul 31, 2014","Accel, Andreessen Horowitz, Baseline Ventures"
PagerDuty,Series A,$10.5M,"Jan 24, 2013",Andreessen Horowitz
MillTech,Growth,$60.0M,"Apr 9, 2026",Apax Digital Fund
Qoro Quantum,Pre Seed,$750K,"Apr 9, 2026","Ada Ventures, Harper Court Ventures, Superangel Venture Fund"
GLAAS,Growth,$5.0M,"Apr 7, 2026",Devesh Sachdev
Zanskar Tech,Growth,$2.7M,"Apr 6, 2026","BlackSoil Capital, Peak XV Partners"
OrtCloud,Pre Seed,$1.7M,"Apr 14, 2026","Better Capital, Orios Venture Partners"
Adaptive6,Series A,$28.0M,"Jan 28, 2026",U.S. Venture Partners
Adaptive6,Seed,$16.0M,"Jan 1, 2024","Pitango VC (led by Eyal Niv), Vertex Ventures (led by Yanai Oron), early angel and venture participants"
Brilliance RGB,Venture,$6.5M,"Apr 3, 2026","Cottonwood Technology Fund, Oost NL, PhotiX, PhotonVentures"
Lace,Series A,$40.0M,"Apr 2, 2026","Atomico, Deep Future, Future Ventures, Linse Capital, M12, Nysnø Climate Investments, Runa Capital, SETT, Vsquared Ventures"
Lace,Series A,$40.0M,"Mar 23, 2026","Atomico, Linse Capital, M12 (Microsoft Ventures)"
Positron,Series B,$230.0M,"Feb 4, 2026","Qatar Investment Authority (primary, sovereign wealth fund) and other strategic investors"
Positron,Series A,$51.6M,"Jul 25, 2025","Atreides Management, DFJ Growth, Flume Ventures, Valor Equity Partners"
Positron,Seed,$23.5M,"Feb 11, 2025","Atreides, Flume Ventures, Resilience Reserve, Valor Equity Partners (lead)"
Raana Semiconductors,Seed,$3.0M,"Jan 20, 2026",Equirus
Equal1,Undisclosed,$60.0M,"Jan 15, 2026","Ireland Strategic Investment Fund, Atlantic Bridge, Elkstone, Enterprise Ireland, European Innovation Council Fund, Matterwave Ventures, TNO Ventures"
Equal1,Grant,$2.7M,"Jun 1, 2022",European Union
Equal1,Seed,Undisclosed,"Dec 20, 2021",EIC Fund
Equal1,Grant,$58K,"Oct 6, 2021",EIC Fund
Equal1,Seed,$6.9M,"Oct 5, 2021","Atlantic Bridge, btov Industrial Technologies, 808 Ventures, Enterprise Ireland"
Equal1,Grant,$200K,"Jun 28, 2021",OSTI
CavilinQ,Seed,$8.8M,"Apr 3, 2026","QVT, Harper Court Ventures, MFV Partners, Safar Partners, Serendipity Capital"
Willo,Pre Seed,$2.9M,"Feb 5, 2026","Unruly Capital, Wave Ventures + angel investors, byFounders (lead); participation from Interface Capital"
AlphaLum,Seed,$3.9M,"Jan 15, 2026",Vsquared Ventures
Radiant,Series D,$300.0M,"Dec 21, 2025",
Radiant,Series C,$165.0M,"May 28, 2025",
Radiant,Series C,$100.0M,"Nov 14, 2024",
Eight Sleep,Series C,$86.0M,"Aug 4, 2021","Valor Equity Partners, General Catalyst, SoftBank"
Eight Sleep,Series B,$40.0M,"Sep 10, 2019","Craft Ventures, Khosla Ventures, Y Combinator"
Eight Sleep,Series A,$6.0M,"Aug 1, 2017","Founders Fund, 8VC, Y Combinator"
Convelio,Series C,Undisclosed,"Apr 14, 2026","Forestay Capital, Mubadala Capital"
Jaakko.com,Pre Seed,$500K,"Apr 13, 2026",Wave Ventures
Smart Garage,Series A,$2.9M,"Apr 13, 2026",IvyCap Ventures
MAECONOMY,Seed,$1.6M,"Apr 10, 2026","LUMO Labs, LIOF"
Swageazy,Seed,$6.5M,"Apr 9, 2026","InfoEdge Ventures, Amit Ranjan, LC Nueva"
AirHub,Series A,$4.8M,"Apr 8, 2026",LUMO Labs
ECOIL,Series A,$2.5M,"Apr 7, 2026","Fundalogical Ventures, Caspian Impact Investment, Momentum Capital, The Chennai Angels"
Fivium,Growth,Undisclosed,"Apr 7, 2026",BGF
Laguna Creek,Series A,$6.3M,"Apr 4, 2026",Dali Capital Partners
Covalo,Growth,$3.8M,"Apr 2, 2026","Hi Inov, HTGF, seed+speed Ventures"
CredResolve,Series A,$1.1M,"Apr 1, 2026","Merak Ventures, CDM Capital, Unleash VC"
Validfor,Pre Seed,$1.2M,"Apr 1, 2026",DOMiNO Ventures
Cernel,Seed,$4.3M,"Mar 31, 2026",
Stacks,Series A,$23.0M,"Feb 19, 2026","Lightspeed Venture Partners, EQT Ventures, General Catalyst, s16vc"
Onshore,Series B,$31.0M,"Feb 18, 2026","FPV Ventures, ADP Ventures, Restive Ventures, Vertex Ventures, Y Combinator"
Didero,Series A,$30.0M,"Feb 12, 2026","Chemistry, Headline, M12"
Mesh,Series C,$75.0M,"Jan 27, 2026","Coinbase Ventures, Dragonfly, Liberty City Ventures, Moderne Ventures, Paradigm, SBI Investment"
Mesh,Series B,$82.0M,"Mar 11, 2025","Consensys (parent of MetaMask), Paradigm, QuantumLight Capital, Yolo Investments"
Mesh,Strategic,$5.0M,"Jan 29, 2024",PayPal Ventures
Symbiotic Security,Seed Extension,$10.0M,"Jan 22, 2026",
Symbiotic Security,Seed,$3.0M,"Nov 5, 2024","Axeleo Capital, Factorial Capital, Lerer Hippeau"
osapiens,Series C,$100.0M,"Jan 14, 2026",Decarbonization Partners
Quantum Shield,Series B,$45.0M,"Jan 11, 2026","Andreessen Horowitz, Greylock Partners, Sequoia Capital"
Canopy,Series B,$22.0M,"Jan 8, 2026","111° West Capital, ACME Capital"
Flowla,Pre Seed,$1.3M,"Mar 28, 2023",
HelloSign,Acquisition,$230.0M,"Jan 28, 2019",
HelloSign,Series B,$16.0M,"Jun 13, 2017","Foundry Group, GV, Greylock Partners, US Venture Partners"
HelloSign,Series A,$3.5M,"Jan 1, 2012","Greylock Partners, Haystack, US Venture Partners"
HelloSign,Seed,$125K,"Jan 1, 2011",Y Combinator
Sybol,Pre Seed,$1.0M,"Apr 9, 2026","Lánzame Capital SL, CDTI, ENISA"
Move To Happiness,Seed,$1.1M,"Feb 10, 2026",
Qflow,Funding,$2.7M,"Feb 6, 2026",Autodesk
Qflow,Strategic,$2.7M,"Feb 6, 2026",Autodesk
Qflow,Series A,$9.1M,"May 30, 2023","Ascension Ventures, Bridge Investment Group, Gravel Rd, Greensoil PropTech Ventures, Grosvenor, MMC Ventures, Suffolk Tech, Systemiq Capital (lead)"
Qflow,Seed,$2.4M,"Aug 18, 2021","Green Angel Syndicate (lead), GroundBreak, PiLabs, Suisse Immo Lab, Vala Capital & angels"
Bound,Series A,$24.5M,"Feb 5, 2026","AlbionVC (lead), GoHub Ventures, Notion Capital"
Bound,Seed,$6.5M,"Nov 19, 2021","Album VC & other fintech investors, Moonfire Ventures, Valar Ventures"
Material Depot,Series A,$10.0M,"Feb 5, 2026","Accel, DeVC, MyAsiaVC + angel investors, Soma Capital, Stellaris Venture Partners, Whiteboard Capital"
Material Depot,Seed,$4.0M,"Sep 21, 2022",Accel Atoms & other angel/VC investors
Lateral,Pre Seed,$2.7M,"Feb 3, 2026","Aera Ventures, H21, angels, orce Over Mass Capital (lead)"
Veremark,Series B,$26.0M,"Feb 3, 2026","ACF Investors, Gresham House Ventures (lead), Samaipata, Stage 2 Capital; plus debt facility from Salica Partners"
Veremark,Pre,$3.0M,"Apr 11, 2024","ACF Investors, Samaipata (lead), Stage 2 Capital, Vulpes Investment"
Veremark,Series A,$8.5M,"Jul 22, 2022","ACF Investors, SOSV, Samaipata, Stage 2 Capital (lead), Triple Point Ventures, Vulpes"
Bits,Series A,$13.0M,"Feb 2, 2026","Alliance Ventures, Alstin Capital (lead), Cherry Ventures, Haval van Drumpt (individual), Unusual Ventures"
1Buy.ai,Seed,$3.0M,"Jan 29, 2026","100Unicorns, Ashish Kacholia, FJ Labs, Gruhas"
Carbonaide,Strategic Growth,$4.0M,"Jan 28, 2026","Helkama Kiinteistöt, Ihantola Invest, Ikorni Invest, Redstone, Vantaan Energia, Zero Carbon Future Group"
Carbonaide,Tech Funding,$1.0M,"Jan 30, 2025",Business Finland Deep Tech Accelerator
Carbonaide,Seed,$1.0M,"Mar 28, 2023",Lakan Betoni & Vantaa Energy
Funnel,Debt,$80.0M,"Jan 28, 2026","HSBC Innovation Banking, Hercules Capital"
Funnel,Pre Ipo,$66.0M,"Oct 21, 2021","Balderton Capital, Eight Roads Ventures, F‑Prime Capital, Industrifonden, Oxx, Stena Sessan, The Fourth Swedish National Pension Fund (AP4)"
Funnel,Series B,$47.0M,"Jan 17, 2020","Balderton Capital, Eight Roads Ventures, F‑Prime Capital, Industrifonden, Kreos Capital, Oxx, Zobito"
Funnel,Series A,$10.0M,"Sep 19, 2017","Balderton Capital, Industrifonden, Zobito"
MyARC,Pre Seed,$2.0M,"Jan 26, 2026","Araya Ventures, G Fund., Morgan Stanley, Techstars"
MyARC,Seed,$2.0M,"Jan 26, 2026",
MyARC,Pre Seed,Undisclosed,"Mar 2, 2022",
Agileday,Series A,$7.5M,"Jan 23, 2026","Newion, Specialist, Vendep Capital"
Agileday,Series A,$6.9M,"Jan 23, 2026","Business Finland, Newion, Specialist, Specialist VC, Vendep Capital"
Agileday,Seed,$1.5M,"Feb 2, 2025",
Mews,Series,$300.0M,"Jan 22, 2026","Atomico, EQT Growth, HarbourVest"
Mews,Bridge,$75.0M,"Mar 1, 2025","Battery Ventures, Goldman Sachs Growth Equity, Kinnevik, Tiger Global"
Mews,Debt,$100.0M,"Sep 22, 2024",Vista Credit Partners
Mews,Series D,$110.0M,"Mar 4, 2024","Goldman Sachs Alternatives, Kinnevik, Notion Capital, Revaia"
Mews,Series C,$185.0M,"Dec 15, 2022","Battery Ventures, Derive Ventures, HenQ, Notion Capital, Orbit Capital, Revaia, Salesforce Ventures, Thayer Ventures"
Mews,Venture,$5.0M,"Dec 8, 2021",Salesforce Ventures
Mews,Series B,$33.0M,"Aug 10, 2019",Battery Ventures
Mews,Series A,$6.0M,"Jun 10, 2018","HenQ, Notion Capital, Thayer Ventures"
Mews,Seed,$1.0M,"Nov 10, 2016",Axivate Capital
Otterspace,Seed,$2.1M,"Jan 20, 2026","1kx, MetaCartel Ventures, Polychain Capital"
Stoïk,Series C,$20.0M,"Jan 20, 2026",Impala
WanderOn,Series A,$594K,"Jan 20, 2026",
WanderOn,Series A,$2.5M,"Jun 1, 2021","Accel, Matrix Partners India, Yatra Ventures"
WanderOn,Seed,Undisclosed,"Jan 1, 2018",
Ben,Series B,$27.5M,"Dec 1, 2025","Mercia Ventures, Atomico, Cherry Ventures, DN Capital, QuantumLight Capital, Seedcamp"
Ben,Series A,$16.0M,"Aug 3, 2022","Atomico, Cherry Ventures, DN Capital, Job Van der Voort, Neil Ryland, Phil Chambers, Ross Seychell, Seedcamp"
Ben,Seed,$2.5M,"Jan 31, 2021","Cherry Ventures, Seedcamp, Carlos Gonzalez-Cadenas, Matt Robinson, Paul Forster, Philip Reynolds, Taavet Hinrikus"
Fable Security,Series A,$31.3M,"Jul 28, 2025","Greylock Partners, Redpoint"
Fable Security,Series A,$24.5M,"Jul 28, 2025","Greylock Partners, Redpoint"
Fable Security,Seed,$6.5M,"Jan 15, 2025",Greylock Partners
Fable Security,Seed,Undisclosed,"Jun 1, 2024",Greylock Partners
Owner,Series C,$120.0M,"May 13, 2025","Headline, Meritech, Brett Schulman, Christina Cacioppo, Dharmesh Shah, Fidji Simo, Jonathan Neman"
Owner,Series B,$33.0M,"Jan 31, 2024","Altman Capital, Redpoint, Activant Capital, Horsley Bridge, Transpose Platform Management"
Owner,Series A,$15.0M,"Mar 3, 2022","Altman Capital, Browder Capital, Day One Ventures, Immad Akhund, Max Mullen, Niranjan Sabharwal, Parker Conrad, Redpoint, Ryan Petersen, SaaStr Fund, Sam Bankman-Fried"
Owner,Seed,$10.7M,"Dec 1, 2020","Dylan Field, Kimbal Musk"
Fable,Series B,$25.0M,"Oct 16, 2024",Five Elms Capital
Fable,Series A,$10.5M,"May 17, 2022","Difference Partners, Disruption Ventures, Five Elms Capital"
Fable,Seed,$1.5M,"Nov 1, 2020",Disruption Ventures
Vanta,Series C,$110.0M,"Jul 24, 2024","Craft Ventures, Sequoia Capital, Tiger Global"
Vanta,Series B,$50.0M,"Jun 29, 2021","Craft Ventures, J2 Ventures, Sequoia Capital"
Vanta,Series A,$10.0M,"Feb 11, 2020","Craft Ventures, Sequoia Capital"
Vanta,Seed,$4.5M,"Oct 15, 2018","Sequoia Capital, Y Combinator"
Figma,Series F,$416.0M,"May 15, 2024","Andreessen Horowitz, Apple, Atlassian, Durable Capital, Fidelity, Greylock Partners, Index Ventures, Kleiner Perkins, Morgan Stanley, Sequoia Capital"
Figma,Acquisition,$20.0B,"Sep 15, 2022",
Figma,Series D,$200.0M,"Jun 24, 2021","Index Ventures, Sequoia Capital"
Figma,Series E,$200.0M,"Jan 1, 2021","Flat Capital, Morgan Stanley, Sequoia Capital"
Figma,Series D,$50.0M,"Apr 30, 2020","Andreessen Horowitz, Index Ventures, Sequoia Capital"
Figma,Series C,$50.0M,"Apr 30, 2020","Andreessen Horowitz, Kleiner Perkins, Sequoia Capital"
Figma,Series C,$40.0M,"Apr 30, 2019","Greylock Partners, Kleiner Perkins, Sequoia Capital"
Figma,Series B,$40.0M,"Feb 14, 2019","Sequoia Capital, Kleiner Perkins"
Figma,Series A,$14.0M,"Feb 14, 2018",Kleiner Perkins
Figma,Series B,$25.0M,"Jan 1, 2018","Greylock Partners, Index Ventures, Kleiner Perkins"
Figma,Series A,$14.0M,"Jan 1, 2014","Greylock Partners, ICONIQ, Index Ventures, OReilly AlphaTech Ventures, Soleio"
Figma,Seed,$3.9M,"Jun 7, 2013","DJ Patil, Danny Rimer, Index Ventures, Jeff Weiner, Kaplan Group Investments, Monique Villa Capra, Terrence Rohan"
Infurnia,Angel,$1.2M,"May 15, 2024",Yogesh Chaudhary
Skedda,Debt Financing,Undisclosed,"Mar 14, 2024",
Skedda,Other,Undisclosed,"Aug 17, 2022",
Fable (ShareFable),Seed,Undisclosed,"Jan 1, 2024","Day Zero Ventures, Supermorpheus"
Clay,Series B,$46.0M,"Nov 30, 2023","Accel, First Round Capital, Sequoia Capital"
Clay,Series A,$20.0M,"Aug 24, 2022","First Round Capital, Sequoia Capital"
Clay,Seed,$8.0M,"Feb 18, 2021","First Round Capital, Forerunner Ventures"
Localyze,Series B,$35.0M,"Oct 12, 2022","General Catalyst, Visionaries Club, Web Summit Fund"
Localyze,Series A,$12.0M,"Sep 15, 2021","Blossom Capital, Frontline Ventures, Notion Capital"
Deel,Series E,$425.0M,"May 12, 2022","Coatue, Andreessen Horowitz, Spark Capital"
Deel,Series D,$425.0M,"Oct 18, 2021","Altimeter Capital, Coatue, Andreessen Horowitz, Spark Capital"
Deel,Series C,$156.0M,"Apr 21, 2021","Coatue, Andreessen Horowitz, Spark Capital"
Deel,Series B,$30.0M,"Sep 16, 2020","Spark Capital, Andreessen Horowitz"
Deel,Series A,$14.0M,"May 20, 2020",Andreessen Horowitz
Remote,Series C,$300.0M,"Apr 5, 2022","Accel, Sequoia Capital, SoftBank Vision Fund 2"
Remote,Series B,$150.0M,"Jul 8, 2021","Accel, General Catalyst, Index Ventures, Sequoia Capital"
Remote,Series A,$11.5M,"Nov 10, 2020","Index Ventures, General Catalyst, Sequoia Capital, Two Sigma Ventures"
Remote,Series A,$35.0M,"Nov 5, 2020","General Catalyst, Index Ventures, Two Sigma Ventures"
Remote,Seed,$11.0M,"Jul 15, 2020","General Catalyst, Index Ventures"
Notion,Series C,$275.0M,"Oct 1, 2021","Coatue, Index Ventures, Sequoia Capital"
Notion,Series D,$275.0M,"Sep 28, 2021","Coatue, Index Ventures, Sequoia Capital"
Notion,Series B,$50.0M,"Apr 1, 2020","First Round Capital, Index Ventures"
Notion,Series A,$8.0M,"Jul 1, 2019","Index Ventures, GV"
Notion,Series A,$10.0M,"Jan 1, 2019",Sequoia Capital
Notion,Seed,Undisclosed,"Oct 6, 2016","CSC Upshot Ventures, Magna"
Notion,Seed,$2.0M,"Jan 1, 2013","First Round Capital, SV Angel"
Panorama Education,Series C,$60.0M,"Sep 28, 2021","General Atlantic, Emerson Collective, Uncork Capital"
Panorama Education,Series B,$16.0M,"Sep 12, 2017","Emerson Collective, Owl Ventures, Spark Capital"
Panorama Education,Series A,$4.0M,"Oct 15, 2014","Spark Capital, SoftTech VC, Y Combinator"
RingCentral Events,Series D,$565.0M,"Aug 10, 2021","Coatue, IVP, Salesforce Ventures"
RingCentral Events,Series C,$450.0M,"Mar 5, 2021","Altimeter Capital, IVP, Tiger Global"
RingCentral Events,Series B,$125.0M,"Nov 18, 2020","Coatue, IVP, Tiger Global"
RingCentral Events,Series A,$40.0M,"Jun 25, 2020","Accel, IVP, Northzone"
RingCentral Events,Seed,$6.5M,"Nov 20, 2019","Accel, Northzone"
Guesty,Series D,$50.0M,"Apr 21, 2021","Apax Digital Fund, Flashpoint Venture Capital, Viola Growth"
Guesty,Series C,$50.0M,"Mar 20, 2019","Viola Growth, Kingfisher Investment Advisors, Vertex Ventures"
Guesty,Series B,$19.0M,"Apr 24, 2018","TLV Partners, Breega, Magma Venture Partners"
Guesty,Series A,$3.5M,"Dec 1, 2014",Magma Venture Partners
Webflow,Series C,$140.0M,"Mar 18, 2021","Y Combinator Continuity, Accel, Silicon Valley Bank"
Webflow,Series B,$72.0M,"Jan 13, 2020","Accel, Silicon Valley Bank"
Webflow,Series A,$7.2M,"Aug 7, 2019","Accel, Silicon Valley Bank"
Dropbox,Ipo,Undisclosed,"Mar 23, 2018",
Dropbox,Series B,$250.0M,"Oct 1, 2011","Index Ventures, Benchmark, Goldman Sachs"
Dropbox,Series A,$6.0M,"Oct 1, 2008",Sequoia Capital
Dropbox,Seed,$1.2M,"Sep 1, 2007","Sequoia Capital, Y Combinator"
Dropbox,Angel,$15K,"Aug 1, 2007","Y Combinator, Sequoia Capital"
Paxos Labs,Seed,$12.0M,"Apr 14, 2026","Framework Ventures, Variant"
wamo,Series A,$10.0M,"Apr 14, 2026","LivBank, BFM Fund"
KreditBee,Series E,$280.0M,"Apr 8, 2026","Motilal Oswal Alternates, A.P. Moller Holding, Advent International, Dragon Funds, Hornbill Capital, Premji Invest, WhiteOak Capital"
Transak,Strategic,Undisclosed,"Apr 8, 2026",Gobi Partners
Bachatt,Series A,$12.0M,"Mar 31, 2026",Accel
Brickken,Seed,$3.2M,"Mar 31, 2026","Marco Podini, GRX"
Dugar Finance,Series A,$5.0M,"Mar 31, 2026",HegdInvst
Keyrock,Series C,Undisclosed,"Mar 31, 2026","SC Ventures, Ripple"
Qover,Growth,$12.0M,"Mar 31, 2026",CIBC Innovation Banking
XFX,Series A,$17.0M,"Mar 26, 2026","Castle Island Ventures, Coinbase Ventures, Haun Ventures"
Spade,Series B,$40.0M,"Mar 24, 2026","Oak HC/FT, Andreessen Horowitz, Flourish Ventures, Gradient Ventures, National Bank of Canada, Y Combinator"
Cryptio,Series B,$45.0M,"Mar 12, 2026","BlackFin Capital Partners, 1kx, BlueYard Capital, Ledger Cathay Capital, Sentinel Global"
RenoFi,Series B,$22.0M,"Mar 3, 2026",Fifth Wall
Care.fi,Series A,$8.0M,"Feb 11, 2026","Accion Ventures, July Ventures (lead), Peak XV Partners, Sadev Ventures (equity); Trifecta & Vivriti (debt)"
Care.fi,Debt,$730K,"Apr 28, 2025",RevX
Care.fi,Debt,$910K,"Mar 26, 2025",Vivriti Capital
Care.fi,Debt,$975K,"Mar 25, 2025","Caspian, Wint Wealth (Ambium Finserve)"
Care.fi,Debt,$2.6M,"Jul 28, 2024","Trifecta Capital (debt), UC Inclusive Credit"
Olyv,Series B,$23.0M,"Feb 11, 2026","Fundamentum Partnership (lead), SMBC Asia Rising Fund"
Tether,Equity Investment,$100.0M,"Feb 5, 2026",Anchorage Digital
Alt DRX,Strategic,$720K,"Feb 4, 2026",Nila Spaces (minority stake)
Alt DRX,Pre,$2.7M,"May 9, 2025","Hindustan Media Ventures, Qatar Development Bank, Times of India Brand Capital, WeFounder Circle Angel Fund, Zee Group, and prominent angels, nX Capital"
Axiology,Seed,$5.9M,"Feb 4, 2026","BSV Ventures, Coinvest Capital, Exponential Science, NGL Ventures, Plug and Play Tech Center, TIBAS Ventures, e2vc"
Axiology,Seed,$6.0M,"Feb 4, 2026","BSV Ventures, Coinvest Capital, Exponential Science, NGL Ventures, Plug and Play Tech Center, TIBAS Ventures, e2vc"
Axiology,Seed,$2.0M,"Jul 1, 2024","Baltic Sandbox Ventures, Coinvest Capital, NGL Syndicate, angels"
Easy Home Finance,Series C,$96.0M,"Jan 31, 2026","Investcorp Growth Equity Fund (lead), Investcorp Growth Opportunity Fund; participation by Claypond Capital, SMBC Asia Fund"
Easy Home Finance,Series B,$35.0M,"Nov 20, 2024","Claypond Capital (Ranjan Pai’s office), Sumitomo Mitsui Banking Corporation (SMBC) Asia Rising Fund"
Easy Home Finance,Series A,$15.0M,"Jul 29, 2021",Xponentia Capital (lead)
Easy Home Finance,Seed,$2.0M,"Jul 29, 2019",Harbourfront Capital
WealthAi,Pre Seed,$1.0M,"Jan 30, 2026","Founders Factory, Fuel Ventures"
Bleap,Seed,$6.0M,"Jan 28, 2026",
Bleap,Pre Seed,$2.0M,"Nov 28, 2024","Alliance DAO, EigenLayer, Ethereal Ventures, Maven11, OKX, Phantom, Robot Ventures, and Consensys, and angel investors from Revolut"
Sokin,Debt,$100.0M,"Jan 28, 2026",Oxford Finance LLC
Sokin,Series B,$50.0M,"Dec 1, 2025","Aurum Partners, Gary Marino (former PayPal CCO), Mark Britto (former PayPal CPO), May Capital, Morgan Stanley Expansion Capital, Prysm Capital, Watershed Ventures"
Sokin,Debt,$15.0M,"Jan 30, 2025",BlackRock Growth Debt
Sokin,Strategic,$31.0M,"Jul 27, 2024",Morgan Stanley Expansion Capital
Mysa,Pre,$3.0M,"Jan 27, 2026","Antler, Blume Ventures, IIMA Ventures, Neon Fund, Piper Serica co‑lead; Ikemori Ventures, QED Innovation Labs, Raise Financial Services"
Mysa,Seed,$2.0M,"Feb 14, 2025","Antler, Blume Ventures (lead), CIIIE, Emphasis Ventures (EMVC), Mohit Kumar, Naiyaa Saagi, Neon Fund, Nishith Rastogi, Nitin Gupta, Sriharsha Majety"
Raylo,Strategic,$41.0M,"Jan 27, 2026","Citibank, NatWest"
Raylo,Expanded Debt,$171.0M,"Sep 16, 2024","NatWest, Quilam Capital"
Raylo,Equity Media,$7.0M,"Sep 12, 2023","Channel 4 Ventures, Macquarie"
Raylo,Debt,$150.0M,"Jan 30, 2023","NatWest, Quilam Capital"
Raylo,Series A,$15.0M,"Jul 7, 2021","Guy Johnson (Carphone Warehouse), Macquarie, Octopus Ventures (lead), Telefónica"
Raylo,Debt,$13.0M,"Oct 26, 2020","Avellinia Capital, Clerville Investment Management"
Raylo,Seed,$2.0M,"Dec 5, 2019",
STAMP,Seed,$4.0M,"Jan 26, 2026","Andreas Mihalov, BarçaInnovation Hub, Dozen, EBISU Digital, Thibaut Courtois"
STAMP,Pre Seed,$2.0M,"Nov 23, 2025",
STAMP,Seed,$1.5M,"May 31, 2019",
Vennre,Pre,$9.0M,"Jan 26, 2026","Ace & Co, Plus VC, Sanabil 500, Vision Ventures, anb seed Fund"
Vennre,Seed,Undisclosed,"Apr 19, 2025",Sanabil 500 MENA Seed Accelerator
Juspay,Series D,$50.0M,"Jan 23, 2026",WestBridge Capital
Juspay,Series C,$9.0M,"Jan 1, 2018","Accel, Norwest Venture Partners"
Juspay,Series B,$3.0M,"Jan 1, 2016","Accel, Norwest Venture Partners"
Juspay,Series A,$500K,"Jan 1, 2014",Accel
Juspay,Seed,$100K,"Jan 1, 2013",Y Combinator
Roha Housing Finance,Structured,$48.0M,"Jan 22, 2026","ASK Alternate Private Credit Fund, ICICI Prudential Corporate Credit Opportunities Fund, Nippon India Credit Opportunities Fund"
Roha Housing Finance,Promoter Equity,Undisclosed,"Mar 13, 2017",
Cloover,Series A,$22.0M,"Jan 21, 2026",MMC Ventures
Allocation Strategy,Funding,$2.1M,"Jan 20, 2026",Fuel Ventures
PhonePe,Ipo,$1.5B,"Jan 20, 2026","General Atlantic, Microsoft, Tiger Global, Walmart"
PhonePe,Series E,$200.0M,"Aug 1, 2021","General Atlantic, Samara Capital, TVS Capital Partners"
PhonePe,Series D,$200.0M,"Feb 1, 2021","BlackRock, Flipkart, Walmart"
PhonePe,Series C,$100.0M,"Jun 1, 2019","Accel, Flipkart, Sequoia Capital"
PhonePe,Series D,$20.0M,"Jan 1, 2017","Accel, Ribbit Capital, Sequoia Capital India"
PhonePe,Series C,$37.0M,"Apr 1, 2016","Accel, Sequoia Capital India"
PhonePe,Series A,$10.0M,"Jan 1, 2016","Accel, Sequoia Capital"
PhonePe,Seed,$5.0M,"Jun 1, 2015","Sequoia Capital, Y Combinator"
Wrisk,Series B,Undisclosed,"Jan 20, 2026",Allianz Holdings PLC
Alpaca,Series D,$150.0M,"Jan 14, 2026","Drive Capital, Altered Capital, BNP Paribas, Citadel Securities, DRW Venture Capital, Flat Capital, Kraken, MUFG Innovation Partners, Opera Tech Ventures, Revolut"
Alpaca,Series C,$52.0M,"Apr 1, 2025",
Alpaca,Convertible Note,$15.0M,"Oct 1, 2023",SBI Ventures
Alpaca,Series B,$50.0M,"Oct 1, 2021",Unbound
Alpaca,Series B,$50.0M,"Aug 1, 2021","Tribe Capital, Eldridge, Horizons Ventures"
Alpaca,Series A,$10.0M,"Jan 1, 2020",Portage
Alpaca,Seed,$6.0M,"Jan 1, 2019",
Atome,Debt,$345.0M,"Jan 13, 2026","DBS Bank, HSBC, Baiduri Bank, Cathay United Bank, Fubon Bank, Shanghai Pudong Development Bank, Sumitomo Mitsui Banking Corporation"
Atome,Debt,$200.0M,"Nov 1, 2024","HSBC, Baiduri Bank, DBS Bank, Sumitomo Mitsui Banking Corporation"
Atome,Debt,$75.0M,"Jan 1, 2024",Lending Ark
Atome,Debt,$80.0M,"Jan 1, 2023","BlackRock, InnoVen Capital"
Atome,Series B,$31.0M,"Jan 1, 2022",
Klearly,Series A,$13.7M,"Jan 13, 2026","PayPal Ventures, Antler, Global PayTech Ventures, Italian Founders Fund, Shapers"
Klearly,Seed,$6.8M,"Jan 1, 2024","Global PayTech Ventures, Antler, Shapers"
Klearly,Pre Seed,$2.4M,"May 1, 2023","Antler, Global PayTech Ventures"
Rain,Series C,$250.0M,"Jan 13, 2026","ICONIQ, Bessemer Venture Partners, Dragonfly, Endeavor Catalyst, FirstMark, Galaxy Ventures, Lightspeed, Norwest, Sapphire Ventures"
Rain,Series C,$250.0M,"Jan 9, 2026","ICONIQ, Bessemer Venture Partners, Dragonfly, Endeavor Catalyst, FirstMark, Galaxy Ventures, Lightspeed, Norwest, Sapphire Ventures"
Rain,Series C,$250.0M,"Jan 6, 2026",ICONIQ
Rain,Series B,$58.0M,"Aug 1, 2025","Bessemer Venture Partners, Dragonfly, Lightspeed, Norwest, Sapphire Ventures"
Rain,Series A,$24.5M,"Mar 1, 2025","Coinbase Ventures, Galaxy Ventures, Lightspeed, Norwest"
Tivara,Pre Seed,$500K,"Jan 1, 2024","Day One Ventures, Mischief, Y Combinator"
Tivara,Seed,$3.6M,"Jan 1, 2024","Day One Ventures, Mischief, Y Combinator"
Tivara,Seed,$500K,"Jan 1, 2024",Y Combinator
Stripe,Series I,$6.9B,"Mar 15, 2023",Thrive Capital
Stripe,Series H,$600.0M,"Mar 14, 2021","Allianz X, Axa, Baillie Gifford, Fidelity, National Treasury Management Agency"
Stripe,Series D,$150.0M,"Nov 25, 2016","CapitalG, General Catalyst"
Stripe,Series C,$100.0M,"Jul 1, 2015","American Express, Kleiner Perkins, Sequoia Capital, Visa"
Stripe,Series C,$70.0M,"Dec 1, 2014",Thrive Capital
Stripe,Series C,$80.0M,"Jan 22, 2014","Founders Fund, Khosla Ventures, Sequoia Capital"
Stripe,Series B,$20.0M,"Jul 9, 2012","General Catalyst, Peter Thiel, Redpoint, Sequoia Capital"
Stripe,Series A,$18.0M,"Feb 1, 2012","General Catalyst, Peter Thiel, Sequoia Capital"
Stripe,Seed,$2.0M,"Mar 1, 2011","Andreessen Horowitz, Elon Musk, Peter Thiel, SV Angel, Sequoia Capital"
Parafin,Series B,$116.0M,"Aug 3, 2022","Notable Capital, Redpoint, Ribbit Capital, Thrive Capital"
Parafin,Series A,$60.0M,"Nov 18, 2021","Index Ventures, Ribbit Capital, Thrive Capital"
Parafin,Seed,$18.0M,"Sep 15, 2020","Ribbit Capital, Thrive Capital"
GoCardless,Series F,$312.0M,"Feb 8, 2022","Permira, BlackRock, GV"
GoCardless,Series E,$95.0M,"Feb 26, 2019","Sapphire Ventures, GV, Notion Capital"
GoCardless,Series D,$75.0M,"Dec 18, 2017","GV, Balderton Capital, Notion Capital"
GoCardless,Series C,$22.0M,"Apr 19, 2016","Balderton Capital, Notion Capital, Passion Capital"
GoCardless,Series B,$13.0M,"Jan 20, 2014","Notion Capital, Accel, Balderton Capital"
GoCardless,Series A,$3.3M,"Sep 17, 2013","Balderton Capital, Accel, Passion Capital"
Xendit,Series C,$150.0M,"Sep 15, 2021","Tiger Global Management, Accel, Amasia"
Xendit,Series B,$64.0M,"Mar 1, 2020","Accel, SBI Investment, Y Combinator"
Xendit,Series A,$15.0M,"Sep 1, 2019","Accel, Y Combinator"
Fondeadora,Series B,$14,"Aug 11, 2021","Portag3 Ventures, Gradient Ventures, Y Combinator"
Frubana Inc,Series B,$65.0M,"Jun 15, 2021","SoftBank, Monashees, Tiger Global"
Frubana Inc,Series A,$25.0M,"Feb 1, 2020","GGV Capital, Monashees, SoftBank, Tiger Global"
Brex,Series D,$150.0M,"Apr 26, 2021","Tiger Global Management, Greenoaks, T. Rowe Price"
Brex,Series C,$100.0M,"Jun 11, 2019","Kleiner Perkins, IVP, Y Combinator Continuity"
Brex,Series B,$125.0M,"Oct 10, 2018","Greenoaks, DST Global, IVP"
Brex,Series A,$57.5M,"Jan 10, 2018","Ribbit Capital, PayPal Ventures, Y Combinator"
Razorpay,Series E,$160.0M,"Apr 19, 2021","GIC, Sequoia Capital India, Matrix Partners, Ribbit Capital"
Razorpay,Series D,$100.0M,"Oct 12, 2020","GIC, Sequoia Capital India, Ribbit Capital"
Razorpay,Series C,$75.0M,"Jun 19, 2019","Ribbit Capital, Sequoia Capital India, Mastercard"
Razorpay,Series B,$20.0M,"Jan 10, 2018","Tiger Global Management, Y Combinator"
Razorpay,Series A,$9.0M,"Oct 10, 2016","Tiger Global Management, Matrix Partners"
Lunar,Series D,$23.0M,"Mar 1, 2021","Hafnia Fund, Sparkmind VC"
Lunar,Series C,$15.0M,"Aug 1, 2019","Creandum, Fidelity International"
Lunar,Series B,$9.0M,"May 1, 2018","Creandum, DST Global"
Lunar,Series A,$2.0M,"Oct 1, 2016",Creandum
Lunar,Seed,$500K,"Sep 1, 2015",
OkCredit,Series B,$67.0M,"Sep 1, 2019","Lightspeed, Tiger Global Management"
OkCredit,Series A,$15.0M,"Jun 1, 2019","Tiger Global Management, Lightspeed"
WePay,Acquisition,Undisclosed,"Oct 17, 2017",
Cents,Series C,$140.0M,"Mar 26, 2026","Sumeru Equity Partners, Camber Creek"
Wise,Ipo,Undisclosed,"Jul 7, 2021",
Wise,Secondary,$319.0M,"Jul 1, 2020","D1 Capital Partners, Lone Pine Capital"
Wise,Secondary,$292.0M,"May 1, 2019","D1 Capital Partners, Lone Pine Capital"
Wise,Series E,$280.0M,"Nov 1, 2017","IVP, Sapphire Ventures, World Innovation Lab"
Wise,Series D,$26.0M,"May 1, 2016","Baillie Gifford, Index Ventures"
Wise,Series C,$58.0M,"Jan 1, 2015",Andreessen Horowitz
Wise,Series B,$25.0M,"Jun 1, 2014","Index Ventures, Richard Branson, Valar Ventures"
Wise,Series A,$6.0M,"May 1, 2013","SV Angel, Valar Ventures"
Wise,Seed,$1.3M,"Jan 1, 2012","IA Ventures, IJNR Ventures, Index Ventures, Max Levchin"
Superstate,Series B,$82.0M,"Jan 22, 2026","1kx, Bain Capital Crypto, Brevan Howard Digital, Bullish, Distributed Global, Flowdesk, Galaxy Digital, Haun Ventures, Hypersphere Capital, Intersection, ParaFi, Road Capital, Sentinel Global"
Superstate,Series A,$14.0M,"Nov 15, 2023","Arrington Capital, Breyer Capital, CMT Digital, Department of XYZ, Distributed Global  CoinFund, Folius Ventures, Galaxy Digital, Hack VC, Modular Capital, Nascent, Road Capital"
Superstate,Seed,$4.0M,"Jun 12, 2023","1kx, Cumberland, ParaFi Capital"
360 ONE Asset,Funding,$109.8M,"Jan 21, 2026",
Varthana,Debt Funding,$16.5M,"Jan 21, 2026","Symbiotics, Triple Jump"
Peach Finance,Series A,$10.0M,"Oct 29, 2024",
Peach Finance,Series A,$2.0M,"Oct 22, 2024","Canapi Ventures, Nyca Partners, SciFi"
Test of Things,Seed,$1.3M,"Mar 31, 2026","Vendep Capital, Aapo Oksman, Business Finland, Neil Costigan, ScanABC, Zach Shelby"
Evervault,Series B,$23.0M,"Mar 5, 2026","Ribbit Capital, Index Ventures, Sequoia Capital"
enclaive,Seed,$4.8M,"Feb 3, 2026","Amadeus APEX Technology Fund (co-lead), Auriga Cyber Ventures, Join Capital (co-lead)"
Upwind,Series B,$250.0M,"Jan 29, 2026","Alta Park, Bessemer (lead); Salesforce Ventures, Cerca, Craft Ventures, Cyberstarts, Leaders Fund, Penny Jar, Picture Capital, Swish Ventures, TCV"
Upwind,Series A,$50.0M,"Sep 5, 2025","Cyberstarts, Leaders Fund (+ others incl. Penny Jar/Sheva/Cerca mentioned across coverage)"
Upwind,Series A,$100.0M,"Dec 2, 2024","Alta Park + existing backers, Craft Ventures (lead); TCV"
Upwind,Seed,$30.0M,"Nov 23, 2022",
AI Strike,Seed,$7.0M,"Jan 21, 2026","Blumberg Capital, Oregon Venture Fund, Runtime Ventures, strategic angel investors"
Defense Unicorns,Series B,$136.0M,"Jan 15, 2026",
Defense Unicorns,Series B,$136.0M,"Jan 13, 2026","Bain Capital, AVP, Ansa Capital, Sapphire Ventures, Uncorrelated Ventures, Valor Equity Partners"
Defense Unicorns,Series A,$35.0M,"Feb 16, 2024","Ansa Capital, Sapphire Ventures"
Defense Unicorns,Seed,$500K,"Oct 25, 2022",
Project Eleven,Series A,$20.0M,"Jan 15, 2026","Castle Island Ventures, Coinbase Ventures, Fin Capital, Formation, Lattice Fund, Nascent Ventures, Nebular, Quantonation, Satstreet Ventures, Variant"
Project Eleven,Series A,$20.0M,"Jan 14, 2026","Castle Island Ventures, Coinbase Ventures, Fin Capital, Formation, Lattice Fund, Nascent Ventures, Nebular, Quantonation, Satstreet Ventures, Variant"
Project Eleven,Seed,$6.0M,"Jun 1, 2025","Quantonation, Variant, Castle Island Ventures, Formation, Nebular"
Cyera,Series F,$400.0M,"Jan 8, 2026","Blackstone, Accel, Coatue, Lightspeed, Redpoint, Sapphire, Sequoia"
Cyera,Series E,$540.0M,"Jun 1, 2025",
Cyera,Series D,Undisclosed,"Nov 20, 2024","Sapphire Ventures, Georgian, Sequoia Capital"
Cyera,Series D,$300.0M,"Nov 1, 2024",
Cyera,Series C,Undisclosed,"Apr 9, 2024","Georgian, AT&T, Redpoint, Sequoia Capital, Spark Capital"
Cyera,Series C,$300.0M,"Apr 1, 2024",
Cyera,Series B,Undisclosed,"Jun 27, 2023","Redpoint, CRV, Sequoia Capital"
Cyera,Series B,$100.0M,"Jun 1, 2023",
Cyera,Series A,Undisclosed,"Mar 29, 2022","Accel, Sequoia"
Cyera,Seed,$4.5M,"Dec 1, 2020",
Salt Security,Series D,$140.0M,"Feb 9, 2022","CapitalG, Adams Street Partners, Sequoia Capital"
Salt Security,Series C,$70.0M,"May 25, 2021","Adams Street Partners, Sequoia Capital, Tenaya Capital"
Salt Security,Series B,$30.0M,"Dec 8, 2020","Sequoia Capital, S Capital, Tenaya Capital"
Salt Security,Series A,$20.0M,"Jun 11, 2019","Tenaya Capital, S Capital, Y Combinator"
EVANIUM,Seed,$2.2M,"Apr 14, 2026","High-Tech Gründerfonds, Fiege Ventures"
Supertails,Growth,$30.0M,"Apr 2, 2026","Venturi Partners, Fireside Ventures, Nippon India Alternative Investments, RPSG Capital Ventures, Saama Capital, Sauce VC, Titan Capital Winners Fund"
eMed,Series A,$200.0M,"Mar 26, 2026",Aon Consulting
Ease Health,Series A,$41.0M,"Mar 2, 2026",Andreessen Horowitz
DentalMonitoring,Strategic Growth,$100.0M,"Feb 10, 2026","ISALT (Fonds Stratégique des Transitions), Lazard Elaia Capital (lead)"
DentalMonitoring,Seed,$150.0M,"Oct 21, 2021","Mérieux Equity Partners (USD 90 M), Vitruvian Partners (USD 60 M)"
Dr Doodley,Pre,$3.3M,"Feb 5, 2026","Campus Fund, Gautam Dalmia, Karan Bhagat, Thackersey Family Office, V3 Ventures (lead), angel investors including Yatin Shah"
Good Monk,Pre,$3.6M,"Feb 5, 2026","Hyperscale Ventures + Founders’ family participation, RPSG Capital Ventures (lead), Sharrp Ventures"
Good Monk,Pre Seed,$2.0M,"Apr 17, 2025","Multiply Ventures, RPSG Capital Ventures (lead), Sharrp Ventures"
Good Monk,Pre,$850K,"May 28, 2024","Multiply Ventures, Sharrp Ventures, Thinkuvate"
QT Sense,Seed,$4.8M,"Feb 4, 2026","Cottonwood Technology Fund (lead), QDNL Participations, angel investors; includes non-dilutive funding from ONCO-Q and Quantum Forward Challenge"
QT Sense,Seed,$6.3M,"Feb 25, 2025","Interreg Europe grants, QDNL Participations, angel investors"
Runeasi,Seed,$1.0M,"Feb 4, 2026","Freshmen Fund, Gemma Frisius Fund, Smarter Ventures (lead), angel Sean Gourley, founders"
Biorce,Series A,$52.0M,"Feb 2, 2026","DST Global Partners, Mustard Seed Maze, Norrsken VC, YZR Capital, several angels"
Biorce,Follow On,$5.0M,"Jul 8, 2025",Norrsken VC (lead) (impact VC)
Biorce,Seed,$3.0M,"Nov 14, 2024","Mustard Seed Maze, Pathena Family Office (varied reports), Plug and Play Tech Center, YZR Capital, plus participation from Outsized Ventures"
Mos Health,Pre Seed,$1.0M,"Jan 30, 2026","Anna Lankauf, Movens Capital, Piotr Karwatka, SMOK Ventures, Tomasz Karwatka"
Recare,Growth,$44.0M,"Jan 29, 2026","CIBC, DNV"
Recare,Financing,$3.0M,"Apr 2, 2024",Gilion
Recare,Seed Extension,$3.0M,"Mar 18, 2021",
Recare,Seed,$2.0M,"Jan 7, 2021","BKX (Die Brückenköpfe X) fund, Niklas Östberg, Oliver Pabst, Petra Becker, Tech Beteiligungen, Thieme Verlag"
Truveta,Series C,$320.0M,"Jan 13, 2025","Advocate Health, CommonSpirit, Henry Ford Health System, Illumina, Northwell, Regeneron Pharmaceuticals, Trinity Health"
Truveta,Series B,$320.0M,"Oct 5, 2023","Microsoft, Novartis Venture Fund, Regeneron Pharmaceuticals"
Truveta,Series A,$95.0M,"Jul 13, 2021","Baylor Scott and White Health, MedStar Health, Microsoft, Providence Health & Services, Texas Health Resources"
Truveta,Series A,$95.0M,"Apr 28, 2021","Microsoft, Regeneron Pharmaceuticals"
Nivaan Care,Series A,$7.0M,"Jan 27, 2026",Sorin Investments
Nivaan Care,Seed,$4.3M,"Feb 13, 2025",
Cancilico,Seed,$2.8M,"Jan 20, 2026",
Caldera Therapeutics,Series A,$37.5M,"Jan 14, 2026","Omega Funds, Janus Henderson Investors, Wellington Management"
Caldera Therapeutics,Series A,$75.0M,"Apr 1, 2025","Atlas Venture, LAV, venBio"
VieCure,Series B,$43.0M,"Jan 14, 2026","Mitch Rales, Northpond Ventures"
VieCure,Series A,$25.0M,"Apr 20, 2021",Northpond Ventures
Sukino,Series B,$31.0M,"Jan 13, 2026","Bessemer Venture Partners, Rainmatter"
Sukino,Series A,$6.1M,"Mar 1, 2023",Stakeboat Capital
Sukino,Seed,$288K,"Oct 1, 2016","Kris Gopalakrishnan (Family Office), Mohandas Pai (Family Office), 3one4 Capital, Kerala State Industrial Development Corporation, Patni Financial Advisors, Pratithi Investment Trust"
Diagonal Therapeutics,Series B,$125.0M,"Jan 8, 2026","Atlas Venture, BVF Partners, Balyasny Asset Management, Deep Track Capital, EcoR1 Capital, Frazier Life Sciences, Janus Henderson Investors, Lightspeed, Logos Capital, RA Capital Management, Sanofi Ventures, Viking Global Investors, Woodline Partners"
EpiBiologics,Series B,$107.0M,"Jan 8, 2026","Aulis Capital, Avego BioScience Capital, Codon Capital, Digitalis Ventures, GV, Johnson & Johnson Innovation, Mission BioCapital, Novartis Venture Fund, Polaris Partners, Samsara BioCapital, Taiho Ventures, Vivo Capital"
Parabilis Medicines,Series F,$305.0M,"Jan 8, 2026","Fidelity, Janus Henderson Investors, RA Capital Management, ARCH Venture Partners, Catalio Capital Management, Cormorant Asset Management, Farallon Capital Management, Foresite Capital, Frazier Life Sciences, GV, General Catalyst, HBM Healthcare, Invus, Marshall Wace, Milky Way Investments, Nextech Invest, Rock Springs Capital, Samsara BioCapital, Soleus Capital, T. Rowe Price, venBio Partners"
Parabilis Medicines,Series E,$145.0M,"Jan 1, 2023","Nextech Invest, Catalio Capital Management, Foresite Capital, General Catalyst, Marshall Wace, RA Capital Management, Rock Springs Capital, Samsara BioCapital, Sixty Degree Capital, Symbiosis"
Parabilis Medicines,Series C,$107.0M,"Jan 1, 2020","venBio Partners, 6 Dimensions Capital, Blue Pool Capital, Casdin Capital, Cormorant Asset Management, Deerfield Management, Farallon Capital Management, GV, HBM Healthcare, Invus, PagsGroup, T. Rowe Price"
Parabilis Medicines,Series B,$66.0M,"May 1, 2018","6 Dimensions Capital, Blue Pool Capital, Boyu Capital, Deerfield Management, GV, Horizons Ventures, Leerink Partners, Nan Fung Group, WuXi AppTec Corporate Ventures"
Parabilis Medicines,Series A,$11.0M,"Jan 1, 2017","Boyu Capital, Deerfield Management, WuXi AppTec Corporate Ventures"
Pomelo Care,Series C,$92.0M,"Jan 8, 2026","Stripes, Andreessen Horowitz, Atomico, BoxGroup, PLUS Capital, SV Angel"
Pomelo Care,Series B,$46.0M,"Jun 1, 2024","Andreessen Horowitz, BoxGroup, First Round Capital, SV Angel, Stripes"
Pomelo Care,Series A,$25.0M,"Jun 1, 2023",Andreessen Horowitz
Pomelo Care,Series A,$25.0M,"Jan 1, 2023","Andreessen Horowitz, BoxGroup, SV Angel"
Pomelo Care,Seed,$8.0M,"Sep 1, 2021","Adam Boehler, Andreessen Horowitz, BoxGroup, First Round Capital, Puneet Singh, SV Angel"
CrisprBits,Pre,$3.0M,"Nov 1, 2025","Spectrum Impact, C-CAMP, HBL Engineering (Promoter Family), Vijay Alreja Family Office"
CrisprBits,Pre Seed,$250K,"Feb 1, 2023",VJ Group
4baseCare,Series A,$6.0M,"Aug 12, 2024",
4baseCare,Pre,$2.0M,"Jan 1, 2024",
Reliance Health,Series B,$40.0M,"Jan 19, 2022","General Atlantic, Partech, Y Combinator"
Reliance Health,Series A,$6.0M,"Jan 15, 2020","Partech, Ventures Platform, Y Combinator"
Clean Food Group,Growth,$5.9M,"Apr 15, 2026",
Clean Food Group,Seed,$5.9M,"Apr 14, 2026",Clean Growth Fund
Standing Ovation,Series B,$32.4M,"Mar 31, 2026","Bpifrance Ecotechnologies 2, Angelor, Astanor, Bel Group, Big Idea Ventures, Crédit Mutuel Innovation, Danone Ventures, GoodStartUp, Newtree, Noshaq, Seventure Partners"
Gilgamesh Pharma,Series A,$60.0M,"Mar 24, 2026","Satori Neuro, Prime Movers Lab"
Crossbow Therapeutics,Series B,$77.0M,"Mar 18, 2026","Taiho Ventures, Arkin Bio Capital, BVF Partners, Eli Lilly, Pfizer Ventures, Polaris Partners, Sixty Degree Capital"
R1 Therapeutics,Series A,$77.5M,"Mar 17, 2026","Abingworth, Curie.Bio, DaVita Venture Group, F‑Prime Capital, Symbiosis, U.S. Renal Care"
Prolium Bioscience,Series A,$50.0M,"Mar 3, 2026",RTW Investments
BreezeBio,Series B,$60.0M,"Feb 25, 2026","Yuanta Investment, ACVC Partners, DSC Investment, Kiwoom Investment, Korea Investment Partners, STIC Ventures, SV Investment, WOORI Venture Partners"
Slate Medicines,Series A,$130.0M,"Feb 24, 2026","RA Capital Management, Forbion, Foresite Capital"
Octarine Bio,Series A,$15.0M,"Jan 23, 2026","Business angels, DSM‑Firmenich Ventures, Edaphon, Oskare Capital, The Footprint Firm, Unconventional Ventures"
Octarine Bio,Bridge,$4.0M,"Nov 10, 2023","DSM-Firmenich, The Footprint Firm, Unconventional Ventures, Óskare Capital"
Octarine Bio,Pre,$2.0M,"Sep 8, 2022","DSM Venturing, Oskare Capital"
Octarine Bio,Seed,$3.0M,"Mar 8, 2021","Oskare Capital, Vækstfonden"
Nordic Bioproducts Group,Strategic Investment,Undisclosed,"Jan 21, 2026",Oji Holdings Corporation
Exciva,Series B,$59.0M,"Jan 20, 2026","Carma Fund, EQT Life Sciences, Fountain Healthcare Partners, Gimv, LifeArc Ventures, Modi Ventures"
SynthBio Labs,Series A,$35.0M,"Jan 10, 2026","Plug and Play, SOSV, Temasek Holdings"
BlueNalu,Angel,$11.0M,"Jan 2, 2026","Agronomics, Griffith Foods, Lewis & Clark AgriFood, Pulmuone, Rich Products Corporation, Siddhi Capital"
Solugen,Series C,$60.0M,"Feb 1, 2022","Lowercarbon Capital, TPG"
Solugen,Series C,$357.0M,"Sep 9, 2021","Baillie Gifford, GIC, Carbon Direct Capital Management, Refactor Capital"
Solugen,Series B,$20.0M,"Sep 1, 2020","Energy Impact Partners, Lowercarbon Capital"
Solugen,Series A,$5.1M,"Apr 1, 2019","Energy Impact Partners, Lowercarbon Capital, Prelude Ventures"
Solugen,Seed,$750K,"Jan 1, 2018",Energy Impact Partners
Audicin,Seed,$2.1M,"Apr 1, 2026","Business Finland, Oura co-founder"
Circle Health,Seed,$9.8M,"Feb 11, 2026","Calm/Storm Ventures, Kfund, Led by Atlantic.vc with participation from CRB Health Tech, and angel investors including Julian Kley and Sebastian Johnston"
Evaro,Series A,$25.0M,"Jan 27, 2026","AlbionVC, BBI, Cornerstone VC, Exceptional Ventures, Simplyhealth Ventures"
Evaro,Seed,$1.0M,"Jan 31, 2024","Catalisi, Cornerstone VC, Exceptional Ventures, Syndicate Room, University of East Anglia"
Antidote,Seed,$5.0M,"Jan 21, 2026","Concept Ventures, Lakestar, TheLegalTech F"
Stegra,Growth,$1.4B,"Apr 17, 2026","IMAS Foundation, Temasek Holdings, Wallenberg Investments consortium"
Stegra,Growth,$1.7B,"Apr 14, 2026",Wallenberg-linked investors
LightSeeds,Grant,$162K,"Apr 13, 2026",Venture Kick
Slate Auto,Growth,$650.0M,"Apr 13, 2026","General Catalyst, Guggenheim Partners, Jeff Bezos"
AURA AERO,Growth,$393.0M,"Apr 10, 2026",
Altilium,Grant,$24.0M,"Apr 10, 2026","UK DRIVE35 Scale-Up Fund, Advanced Propulsion Centre UK, Innovate UK"
Astranova Mobility,Series A,$6.4M,"Apr 9, 2026",IvyCap Ventures
PaperShell,Grant,$43.5M,"Apr 8, 2026",European Commission EU Innovation Fund
Magnax,Growth,$35.5M,"Apr 6, 2026","Foxconn, Pan International"
Circulate Capital,Fund,$220.0M,"Apr 1, 2026",
Sensmet,Grant,$1.6M,"Apr 1, 2026",EIT RawMaterials
Enkei,Seed,Undisclosed,"Mar 31, 2026","RadCap, Anders Lendager, Christina Åqvist, Daniel Strömberg, Fabian Månsson, Thomas Granfeldt, Ulf Mattsson"
Varaha,Series B,$45.0M,"Feb 4, 2026",WestBridge Capital
Varaha,Series B,$20.0M,"Feb 4, 2026","Omnivore, RTP Global, WestBridge Capital (lead)"
Varaha,Strategic,$30.0M,"Nov 13, 2025",Mirova
Varaha,Series A,$8.7M,"Feb 20, 2024",RTP Global (lead)
Optimist,Seed,$12.0M,"Jan 22, 2026","Accel, Arkam Ventures"
Helix Earth,Seed,$12.0M,"Mar 26, 2026","Veriten, Carnrite Ventures, Rua Ventures, Skywriter LLC, Textbook Ventures"
Applied Atomics,Seed,$8.3M,"Mar 25, 2026","Morpheus, Transition"
Arinna,Seed,$4.0M,"Mar 25, 2026","Spacecadet Ventures, Anorak Capital, Breakthrough Energy Foundation"
SHINE Technologies,Growth,$240.0M,"Feb 26, 2026","NantWorks, Deerfield Management, Fidelity Management & Research, Oaktree Capital Management, Sumitomo Corporation of Americas"
Terralayr,Growth Equity,$192.0M,"Jan 20, 2026",
Type One Energy,Convertible Note,$87.0M,"Jan 14, 2026",
Type One Energy,Seed,$82.5M,"Jun 1, 2024",
Helion Energy,Series E,$500.0M,"May 10, 2023","Sam Altman, Coatue, DCVC, Founders Fund"
BIDSO,Series A,$6.8M,"Apr 10, 2026","Blume Ventures, Peer Capital, Sadev Ventures"
BIDSO,Series A,$7.5M,"Mar 23, 2026","Blume Ventures, Peer Capital, Sadev Capital"
Hermeus,Series C,$350.0M,"Apr 7, 2026","Khosla Ventures, Canaan Partners, Cox Enterprises, Destiny Tech100, Founders Fund, In-Q-Tel, RTX Ventures"
Balaji Wafers,Strategic Investment,$282.0M,"Jan 22, 2026",General Atlantic
Aerem,Pre,$15.0M,"Jan 21, 2026",
SWISSto12,Funding,$84.8M,"Jan 21, 2026",European Space Agency
Whizzo,Series A,$15.0M,"Jan 20, 2026",Fundamentum to deepen R&D Whizzo will use the capital to expand its science and engineering teams
Whizzo,Seed,$4.2M,"Jan 28, 2025",
Cambium,Series B,$100.0M,"Jan 5, 2026","8VC, Alumni Ventures, GSBackers, J17 Ventures, Lockheed Martin Ventures, MVP Ventures, Vanderbilt University, Veteran Ventures Capital"
Cambium,Series A,$19.0M,"Nov 1, 2023","8VC, GSBackers, MVP Ventures, Veteran Ventures Capital"
Cambium,Seed,$8.0M,"Jan 1, 2021",
Electra,Series B,$186.0M,"Aug 12, 2024","Breakthrough Energy Ventures, Capricorn Investment Group, Temasek Holdings"
Electra,Series A,$28.0M,"Jul 20, 2022","Breakthrough Energy Ventures, The Engine"
Electra,Seed,$13.0M,"Mar 15, 2021","Climate Capital, The Engine"
ShipBob,Series E,$200.0M,"Jun 15, 2022","Bain Capital, Menlo Ventures, SoftBank Vision Fund"
ShipBob,Series D,$200.0M,"Sep 20, 2021","SoftBank Vision Fund, Bain Capital, Hyde Park Angels, Menlo Ventures"
Kobo360,Series B,$20.0M,"Jul 1, 2020","Goldman Sachs, International Finance Corporation, TLcom Capital"
Kobo360,Series A,$6.0M,"Aug 14, 2019","IFC Venture Capital Group, TLcom Capital, Y Combinator"
BRUM,Seed,$5.0M,"Jan 20, 2026",
The Guild,Series F,$175.0M,"Jun 2, 2022",
The Guild,Series D,$157.0M,"Nov 13, 2019",
The Guild,Series B,$21.0M,"Aug 14, 2017",
The Guild,Series A,$8.5M,"Sep 2, 2016",
Scribd,Series D,$58.0M,"Jan 1, 2015","TriplePoint Capital, Khosla Ventures, Redpoint"
Scribd,Series C,$22.0M,"Oct 1, 2013","Khosla Ventures, Redpoint, SVB Capital"
Scribd,Series B,$13.0M,"Jan 1, 2011","SVB Capital, Redpoint"
Scribd,Series A,$3.0M,"Dec 1, 2008",Redpoint
Zilo,Series A,$15.3M,"Feb 5, 2026","Alteria Capital, Chiratae Ventures, InfoEdge Ventures, Kunal Shah, Lalit Keshre, Peak XV Partners (lead), Stride Ventures, angel investors (e.g., etc.)"
Zilo,Seed,$4.5M,"Jun 27, 2025","Chiratae Ventures, InfoEdge Ventures, other angels / VC participation"
KisaanSay,Series A,$4.0M,"Apr 7, 2026",NABVENTURES
GoSats,Series A,$5.0M,"Apr 6, 2026","Konvoy, Taisu Ventures, Y Combinator"
Maisonette,Growth,$5.9M,"Mar 30, 2026",
Modern Milkman,Strategic,$13.0M,"Jan 28, 2026",Salica Investments
Modern Milkman,Series C,$64.0M,"Nov 22, 2022","Avery Dennison, ETF Partners, Insight Partners, Praetura Ventures, several angel investors"
Modern Milkman,Bridge,$2.0M,"Jul 14, 2022",Praetura Ventures
Modern Milkman,Early Growth,$6.0M,"Jan 18, 2021",ETF Partners
Salty,Growth Equity,$3.3M,"Jan 19, 2026","MG Investment, All In Capital, Anicut Capital, JK Group"
BOOSTERZ,Series A,$25.4M,"Jan 16, 2026","SBI Investment, Envestor, Hana Ventures, Lakebridge Equity Partners"
BOOSTERZ,Pre,$13.6M,"Dec 1, 2025",SBI Investment
Zepto,Series C,$200.0M,"Nov 1, 2022","Y Combinator Continuity Fund, Glade Brook Capital Partners, Nexus Venture Partners"
Zepto,Series B,$100.0M,"May 2, 2022","Y Combinator Continuity Fund, Glade Brook Capital Partners, Nexus Venture Partners"
Zepto,Series A,$60.0M,"Dec 21, 2021","Glade Brook Capital Partners, Nexus Venture Partners, Y Combinator"
Whatnot,Series C,$150.0M,"Sep 15, 2021","CapitalG, Andreessen Horowitz, DST Global, YC Continuity"
Whatnot,Series B,$20.0M,"Mar 30, 2021","DST Global, Andreessen Horowitz, YC Continuity"
Whatnot,Series A,$4.0M,"Mar 2, 2020","Andreessen Horowitz, Y Combinator"
DoorDash,Ipo,Undisclosed,"Dec 9, 2020",
DoorDash,Series E,$600.0M,"May 23, 2019","Darsana Capital Partners, SoftBank Vision Fund"
DoorDash,Series D,$535.0M,"Mar 1, 2018","SoftBank Vision Fund, GIC, Sequoia Capital"
DoorDash,Series C,$127.0M,"Mar 1, 2016","Sequoia Capital, Kleiner Perkins, Y Combinator"
DoorDash,Series B,$40.0M,"Mar 17, 2015","Kleiner Perkins, SV Angel, Sequoia Capital"
DoorDash,Series A,$17.0M,"May 1, 2014","Sequoia Capital, Khosla Ventures, Kleiner Perkins"
Teespring,Series B,$35.0M,"Jan 20, 2015","Kleiner Perkins, Andreessen Horowitz"
Teespring,Series A,$20.0M,"Jan 7, 2014",Andreessen Horowitz
Amazon,Series A,$8.0M,"Jun 1, 1996","John Doerr, Kleiner Perkins"
Amazon,Seed,$1.0M,"Jun 1, 1995","Eric Dillon, Nick Hanauer, Tom Alberg"
Amazon,Angel,$246K,"Jan 1, 1995","Jackie Bezos, Mike Bezos"
Kelluu,Series A,$15.0M,"Apr 14, 2026","NATO Innovation Fund, Maki.vc, Vendep Capital"
Xovian Aerospace,Pre Seed,$2.0M,"Apr 1, 2026",Ashish Kacholia
Performance Drone Works,Series B,$110.0M,"Mar 25, 2026","Ondas, Booz Allen Hamilton, Cedar Pine, Hanwha Asset Management, Hood River"
Dhruva Space,Pre,$4.2M,"Feb 4, 2026","Blue Ashva Capital, GVFL, Indian Angel Network Alpha Fund, Pradeep Sinha"
Dhruva Space,Pre,$6.0M,"Nov 29, 2025","AR Enterprises, AVCF1 (Aditum Venture Capital Fund) (anchor), Aranya Holding Ventures LLP, Ativira Technologies & 33+ investors, Hyderabad Angel Fund"
Dhruva Space,Series A,$15.0M,"Apr 22, 2022","BITEXCO Group, Blue Ashva Capital, Blume Founders Fund, Indian Angel Network Alpha Fund, IvyCap Ventures, Mumbai Angels, Silverneedle Ventures"
Dhruva Space,Angel,$3.0M,"Oct 24, 2021","Blue Ashva Capital, Indian Angel Network Fund"
Dhruva Space,Seed,$650K,"Oct 16, 2019",Mumbai Angels Network & other angel investors
Aule Space,Pre Seed,$2.0M,"Jan 14, 2026",pi Ventures
